date,open,high,low,close,volume
2010-06-02,967.6089999999999,997.12,952.61,997.1189999999999,107462700.0
2010-06-03,1002.355,1026.7,997.77,998.3939999999999,161680500.0
2010-06-04,989.681,1027.68,986.5,1027.681,150029500.0
2010-06-07,1005.028,1075.22,1001.7,1069.468,265527500.0
2010-06-08,1067.3239999999996,1075.5,1050.96,1067.154,197672000.0
2010-06-09,1070.8519999999999,1102.1,1069.43,1077.823,254156800.0
2010-06-10,1077.675,1119.11,1076.28,1117.478,219740400.0
2010-06-11,1122.443,1128.23,1118.71,1122.1989999999996,222487400.0
2010-06-17,1126.13,1129.68,1064.84,1064.839,176428300.0
2010-06-18,1052.067,1053.14,993.17,1000.2769999999999,163065000.0
2010-06-21,991.957,1043.16,976.41,1040.802,157479700.0
2010-06-22,1037.039,1057.37,1033.65,1034.995,142716200.0
2010-06-23,1026.865,1056.35,1023.74,1047.337,125735900.0
2010-06-24,1046.759,1059.75,1041.54,1050.601,106913200.0
2010-06-25,1046.212,1046.21,999.16,1016.283,123729800.0
2010-06-28,1009.2230000000001,1014.41,984.22,987.827,92067300.0
2010-06-29,985.572,992.23,912.54,913.309,149779900.0
2010-06-30,898.291,921.81,881.36,919.314,122366100.0
2010-07-01,914.395,921.21,882.19,882.19,104957200.0
2010-07-02,878.951,885.34,832.62,873.12,128883300.0
2010-07-05,857.3689999999997,870.86,842.73,862.268,91586400.0
2010-07-06,859.258,898.45,857.8,893.7180000000003,116523100.0
2010-07-07,896.5319999999997,908.55,890.34,908.549,104616200.0
2010-07-08,911.997,914.3,887.03,905.5089999999999,109808700.0
2010-07-09,903.4960000000001,936.53,896.89,932.1469999999999,145146000.0
2010-07-12,931.53,941.07,924.06,930.17,126360000.0
2010-07-13,924.948,936.64,906.3,931.08,146865700.0
2010-07-14,929.7489999999999,937.93,916.07,922.362,142358600.0
2010-07-15,920.046,930.55,892.56,892.557,117588000.0
2010-07-16,885.067,895.06,869.02,892.298,100931200.0
2010-07-19,881.6560000000003,910.18,878.07,908.049,93880200.0
2010-07-20,909.543,937.54,909.54,937.0169999999999,136580800.0
2010-07-21,940.097,959.04,938.16,941.25,166574500.0
2010-07-22,938.2180000000001,950.21,932.02,950.209,132660200.0
2010-07-23,951.84,964.74,948.13,960.5880000000001,172125100.0
2010-07-26,962.76,966.73,954.76,966.154,147603500.0
2010-07-27,963.544,968.04,955.73,957.967,136182100.0
2010-07-28,955.188,972.53,954.52,972.534,156618200.0
2010-07-29,974.295,982.01,965.61,975.362,179419300.0
2010-07-30,971.663,971.66,955.92,968.431,145848600.0
2010-08-02,968.45,994.23,968.45,994.2280000000001,181036400.0
2010-08-03,995.195,996.26,975.64,975.645,175705800.0
2010-08-04,971.4069999999999,978.01,955.93,978.0139999999999,144616500.0
2010-08-05,980.27,998.1,978.33,987.3510000000001,177039900.0
2010-08-06,987.967,1011.39,985.63,1011.39,189906100.0
2010-08-09,1013.24,1032.34,1013.24,1032.34,209199500.0
2010-08-10,1031.978,1034.33,993.99,993.992,217707100.0
2010-08-11,991.278,1006.45,990.94,1004.637,161507800.0
2010-08-12,994.052,1007.58,987.98,991.7769999999999,168918900.0
2010-08-13,992.6260000000001,1007.52,986.62,1007.206,147179800.0
2010-08-16,1007.498,1031.05,1005.05,1030.2169999999999,188040000.0
2010-08-17,1031.075,1036.82,1023.08,1033.5810000000001,180077700.0
2010-08-18,1033.7069999999999,1035.61,1018.5,1026.722,164350100.0
2010-08-19,1026.983,1033.25,1021.7,1025.526,162453400.0
2010-08-20,1021.4580000000001,1022.45,993.56,995.944,187022400.0
2010-08-23,994.938,1001.18,991.52,995.613,145601400.0
2010-08-24,993.576,1007.76,987.22,1004.985,136505100.0
2010-08-25,1000.2689999999999,1002.33,976.555,976.878,150134272.0
2010-08-26,978.6,984.87,973.0,980.63,128806600.0
2010-08-27,978.51,1000.86,975.72,999.46,121624200.0
2010-08-30,1002.99,1025.15,1002.99,1024.93,164541200.0
2010-08-31,1020.75,1029.8,1015.13,1025.57,153469900.0
2010-09-01,1025.68,1029.81,987.59,995.59,186436200.0
2010-09-02,1001.6,1018.28,996.52,1014.92,163085700.0
2010-09-03,1017.64,1045.21,1017.51,1036.7,228936500.0
2010-09-06,1039.46,1043.24,1007.43,1010.76,181308000.0
2010-09-07,1010.11,1022.62,1007.64,1022.62,128451400.0
2010-09-08,1020.23,1027.64,1016.84,1026.33,140381800.0
2010-09-09,1029.11,1040.67,1019.69,1021.83,195980200.0
2010-09-10,1021.87,1037.51,1016.19,1034.94,181229000.0
2010-09-13,1034.39,1045.39,1033.25,1042.48,166788900.0
2010-09-14,1044.3,1046.13,1028.77,1031.22,159023100.0
2010-09-15,1029.52,1030.02,987.05,990.1,181827300.0
2010-09-16,989.49,994.95,964.53,972.6,144205800.0
2010-09-17,976.07,981.73,967.55,972.23,96784000.0
2010-09-20,972.45,975.26,947.41,949.2,92365800.0
2010-09-21,952.07,953.83,930.25,934.46,83585800.0
2010-09-27,936.21,951.84,930.86,950.67,89293600.0
2010-09-28,949.63,949.89,939.63,942.05,93943300.0
2010-09-29,941.27,944.17,924.41,926.76,83173500.0
2010-09-30,923.83,942.54,921.36,942.54,69973700.0
2010-10-08,946.47,963.18,945.62,959.86,108396000.0
2010-10-11,960.91,961.17,941.91,947.11,144687000.0
2010-10-12,946.63,959.98,945.01,951.79,124019200.0
2010-10-13,951.33,962.74,940.65,962.74,133051600.0
2010-10-14,963.29,975.91,956.86,958.49,139640500.0
2010-10-15,954.12,957.77,937.12,944.25,135249800.0
2010-10-18,941.87,941.87,913.82,932.36,132787500.0
2010-10-19,932.83,1005.59,932.32,995.92,233908600.0
2010-10-20,986.65,1024.58,986.03,1004.54,263813200.0
2010-10-21,1001.68,1001.68,983.66,991.84,156912200.0
2010-10-22,991.14,1023.7,991.14,1013.45,176574800.0
2010-10-25,1018.08,1043.09,1018.08,1039.05,206368900.0
2010-10-26,1041.53,1041.91,1020.94,1036.01,183841300.0
2010-10-27,1034.86,1048.56,1028.7,1030.59,170168900.0
2010-10-28,1024.7,1038.62,1023.49,1038.62,159247700.0
2010-10-29,1042.4,1069.75,1042.4,1064.52,223551800.0
2010-11-01,1071.63,1113.62,1071.63,1107.52,281789900.0
2010-11-02,1108.09,1108.09,1074.58,1075.15,245453100.0
2010-11-03,1063.2,1063.2,1040.55,1040.62,162049100.0
2010-11-04,1041.42,1057.71,1037.24,1057.71,133879000.0
2010-11-05,1067.87,1072.22,1058.26,1072.22,139702400.0
2010-11-08,1077.5,1107.06,1077.5,1107.06,178649800.0
2010-11-09,1110.43,1117.52,1102.01,1115.65,190022100.0
2010-11-10,1115.74,1147.48,1113.75,1141.58,226669300.0
2010-11-11,1137.08,1163.7,1132.36,1132.72,229790600.0
2010-11-12,1126.85,1140.63,1080.27,1082.24,229228400.0
2010-11-15,1087.81,1148.54,1086.52,1148.54,209131300.0
2010-11-16,1154.41,1175.31,1111.5,1126.18,289446500.0
2010-11-17,1115.12,1132.86,1080.93,1085.35,207611400.0
2010-11-18,1090.14,1102.84,1077.06,1102.84,156990600.0
2010-11-19,1106.75,1153.17,1105.59,1153.17,241422800.0
2010-11-22,1153.26,1194.2,1151.76,1174.94,303424300.0
2010-11-23,1172.06,1183.84,1148.81,1183.5,215736300.0
2010-11-24,1176.42,1208.45,1174.68,1208.45,212038200.0
2010-11-25,1212.77,1215.74,1177.83,1186.36,210120900.0
2010-11-26,1184.8,1200.5,1179.28,1196.02,174707900.0
2010-11-29,1195.31,1221.74,1193.41,1220.11,196404100.0
2010-11-30,1219.08,1219.12,1146.97,1181.5,236234800.0
2010-12-01,1176.61,1182.57,1169.89,1177.18,119469200.0
2010-12-02,1187.1,1192.8,1177.81,1177.84,125154800.0
2010-12-03,1177.17,1178.67,1148.09,1157.94,120486700.0
2010-12-06,1157.72,1159.3,1124.94,1134.38,113312000.0
2010-12-07,1132.33,1162.58,1123.76,1161.69,92493500.0
2010-12-08,1160.92,1176.42,1158.1,1160.24,101837300.0
2010-12-09,1158.82,1160.91,1144.18,1144.53,99630200.0
2010-12-10,1139.83,1167.68,1136.33,1166.8,102989800.0
2010-12-13,1175.51,1210.75,1175.51,1209.27,162476200.0
2010-12-14,1211.46,1219.71,1204.66,1218.52,142264900.0
2010-12-15,1217.81,1224.05,1209.29,1211.8,142883400.0
2010-12-16,1209.62,1233.62,1209.34,1225.03,147522900.0
2010-12-17,1222.93,1233.39,1222.93,1232.98,128384200.0
2010-12-20,1235.67,1239.6,1180.53,1212.34,174959200.0
2010-12-21,1212.09,1222.3,1204.48,1215.02,121038100.0
2010-12-22,1214.77,1215.79,1199.68,1201.65,110921700.0
2010-12-23,1198.74,1200.76,1175.86,1176.36,107304500.0
2010-12-24,1170.69,1170.69,1140.13,1144.5,101182800.0
2010-12-27,1145.7,1154.53,1100.52,1105.3,99682500.0
2010-12-28,1098.94,1099.18,1080.4,1091.48,94216500.0
2010-12-29,1091.82,1113.31,1091.82,1113.31,78967200.0
2010-12-30,1113.56,1122.41,1106.43,1117.21,82186700.0
2010-12-31,1117.36,1138.47,1117.36,1137.66,84173400.0
2011-01-04,1142.17,1155.52,1140.04,1155.11,106329600.0
2011-01-05,1153.91,1159.12,1146.38,1155.35,106082000.0
2011-01-06,1153.63,1159.41,1134.09,1134.79,104850100.0
2011-01-07,1132.73,1139.78,1119.61,1126.52,96800200.0
2011-01-10,1124.34,1124.34,1089.06,1093.77,95294500.0
2011-01-11,1089.99,1089.99,1068.4,1078.36,86587600.0
2011-01-12,1083.12,1095.52,1071.09,1089.67,84599200.0
2011-01-13,1094.83,1097.1,1089.67,1093.86,81042400.0
2011-01-14,1092.09,1092.09,1065.75,1067.42,77625400.0
2011-01-17,1066.44,1066.99,1025.66,1028.16,105544400.0
2011-01-18,1021.84,1029.86,1014.63,1025.72,62166300.0
2011-01-19,1025.93,1048.6,1023.15,1048.54,70615700.0
2011-01-20,1047.77,1051.52,1020.29,1020.39,86936800.0
2011-01-21,1014.72,1033.52,1013.27,1024.51,78920200.0
2011-01-24,1024.79,1029.33,994.26,994.97,84829600.0
2011-01-25,992.57,992.57,968.32,979.0,73726200.0
2011-01-26,978.07,995.78,977.85,995.74,57625600.0
2011-01-27,991.06,1015.05,984.79,1013.02,70837200.0
2011-01-28,1013.64,1023.63,1011.3,1020.94,59566200.0
2011-01-31,1021.63,1030.19,1014.4,1029.12,72280600.0
2011-02-01,1029.67,1034.14,1026.9,1032.6,59105700.0
2011-02-09,1026.45,1037.84,1021.79,1025.15,63034600.0
2011-02-10,1026.25,1063.95,1024.71,1063.95,100070500.0
2011-02-11,1067.19,1075.59,1065.15,1071.58,101753100.0
2011-02-14,1072.31,1087.31,1072.31,1086.56,119351800.0
2011-02-15,1086.8,1097.56,1082.27,1087.72,118456100.0
2011-02-16,1086.77,1107.24,1083.85,1107.24,124442200.0
2011-02-17,1108.63,1116.96,1103.89,1115.33,131962800.0
2011-02-18,1114.45,1114.69,1098.58,1100.46,129652500.0
2011-02-21,1096.17,1117.67,1094.43,1117.67,142047000.0
2011-02-22,1118.61,1122.18,1087.01,1088.27,139730800.0
2011-02-23,1088.08,1117.29,1087.86,1114.05,128183300.0
2011-02-24,1112.43,1112.72,1094.62,1101.95,1319300.0
2011-02-25,1098.11,1098.73,1085.8,1095.1,119408800.0
2011-02-28,1096.34,1099.78,1087.59,1099.78,113927200.0
2011-03-01,1100.81,1102.55,1091.98,1098.0,127780700.0
2011-03-02,1094.97,1096.09,1077.65,1088.9,109066600.0
2011-03-03,1088.89,1091.89,1062.37,1064.31,108204300.0
2011-03-04,1063.43,1071.86,1056.56,1071.86,89798900.0
2011-03-07,1073.93,1078.11,1069.93,1078.11,112588400.0
2011-03-08,1079.53,1085.31,1074.1,1084.82,117065800.0
2011-03-09,1084.7,1087.3,1075.46,1087.3,124603500.0
2011-03-10,1088.34,1103.54,1087.56,1093.9,147947700.0
2011-03-11,1090.21,1113.01,1088.65,1101.76,153087300.0
2011-03-14,1099.32,1107.54,1095.9,1107.54,138307700.0
2011-03-15,1108.2,1108.2,1078.23,1094.95,155296500.0
2011-03-16,1094.12,1102.67,1094.12,1102.21,122243700.0
2011-03-17,1096.22,1096.22,1074.87,1078.37,139306500.0
2011-03-18,1081.6,1088.31,1079.56,1083.6,98539300.0
2011-03-21,1083.15,1084.55,1068.31,1070.6,90552300.0
2011-03-22,1072.39,1074.08,1057.86,1067.29,81475700.0
2011-03-23,1066.17,1076.56,1064.59,1076.56,98236800.0
2011-03-24,1078.02,1081.59,1074.04,1077.99,97429800.0
2011-03-25,1077.34,1078.02,1069.38,1072.34,105006200.0
2011-03-28,1072.89,1074.41,1051.02,1052.11,130275300.0
2011-03-29,1050.29,1050.29,1017.88,1019.04,130338400.0
2011-03-30,1017.16,1019.17,1004.38,1006.37,101020100.0
2011-03-31,1006.72,1019.32,1005.37,1008.3,92020200.0
2011-04-01,1006.04,1015.08,1002.86,1015.08,76705100.0
2011-04-06,1011.68,1011.82,992.31,994.26,95852800.0
2011-04-07,993.38,1004.41,992.43,1004.41,89120600.0
2011-04-08,1004.14,1019.14,1002.38,1019.14,83933500.0
2011-04-11,1021.3,1022.56,1002.43,1002.8,95317100.0
2011-04-12,1000.77,1007.25,997.75,1000.16,80753600.0
2011-04-13,999.53,1020.75,998.52,1020.75,90762000.0
2011-04-14,1021.1,1021.46,1013.99,1016.62,88570000.0
2011-04-15,1015.97,1016.15,1002.64,1010.06,84576400.0
2011-04-18,1008.48,1010.66,1000.18,1003.26,84474400.0
2011-04-19,1000.88,1000.88,986.9,994.3,99345100.0
2011-04-20,993.94,1009.5,991.88,1008.18,102564000.0
2011-04-21,1007.98,1017.7,1006.91,1010.56,137908200.0
2011-04-22,1008.17,1008.3,1000.92,1004.65,103046900.0
2011-04-25,1001.08,1001.08,974.98,975.17,114029800.0
2011-04-26,970.96,973.56,954.98,958.29,101704700.0
2011-04-27,956.77,961.64,936.99,942.54,108868400.0
2011-04-28,941.2,944.7,903.03,904.15,117498900.0
2011-04-29,901.16,912.72,897.2,912.72,76430900.0
2011-05-03,911.79,923.06,907.28,922.07,72907900.0
2011-05-04,919.67,919.67,901.92,903.98,73474700.0
2011-05-05,901.47,919.6,900.35,914.59,78096400.0
2011-05-06,910.14,920.77,904.74,918.28,77467600.0
2011-05-09,920.12,935.9,920.12,931.77,100484200.0
2011-05-10,932.88,933.24,925.04,931.21,77970000.0
2011-05-11,931.51,933.28,923.26,929.95,76741900.0
2011-05-12,927.15,927.15,909.14,909.26,89158800.0
2011-05-13,909.24,912.61,897.8,909.77,88196100.0
2011-05-16,911.34,916.02,906.08,906.34,70457000.0
2011-05-17,903.98,904.48,890.36,895.15,102274600.0
2011-05-18,891.99,894.89,888.17,890.79,81028500.0
2011-05-19,891.48,895.54,883.87,884.89,72114000.0
2011-05-20,884.06,884.33,873.87,875.43,74123000.0
2011-05-23,873.31,873.59,840.65,840.9,116210300.0
2011-05-24,836.79,876.6,828.5,870.94,171762700.0
2011-05-25,867.68,867.68,842.12,842.35,118773200.0
2011-05-26,843.62,852.98,830.64,830.92,98557300.0
2011-05-27,830.6,835.87,819.87,822.94,116016000.0
2011-05-30,819.87,844.97,816.39,834.32,157634400.0
2011-05-31,836.35,846.32,828.66,846.32,139757800.0
2011-06-01,846.48,852.66,843.29,851.17,137582300.0
2011-06-02,841.52,841.52,823.1,833.74,116679400.0
2011-06-03,833.44,849.73,832.53,847.54,112463700.0
2011-06-07,845.25,848.22,842.46,847.71,92637200.0
2011-06-08,846.67,846.92,836.99,844.98,100812500.0
2011-06-09,843.58,843.58,828.02,828.02,115409300.0
2011-06-10,825.55,826.54,811.09,824.03,97113200.0
2011-06-13,820.24,833.25,811.39,829.36,96660500.0
2011-06-14,829.51,840.69,829.27,838.47,102989600.0
2011-06-15,837.53,840.53,826.94,827.53,103205700.0
2011-06-16,822.37,822.55,809.93,810.71,98942200.0
2011-06-17,809.16,813.21,801.3,802.64,82126300.0
2011-06-20,800.62,800.62,787.57,791.76,90192600.0
2011-06-21,791.99,796.85,786.33,795.61,86205800.0
2011-06-22,797.42,798.24,788.56,791.51,79865300.0
2011-06-23,790.7,815.78,783.86,814.44,158726400.0
2011-06-24,812.3,835.3,810.58,832.32,188687200.0
2011-06-27,832.62,850.39,832.62,843.86,193766100.0
2011-06-28,843.98,844.96,836.94,844.18,135362700.0
2011-06-29,844.85,850.36,836.38,836.38,153350200.0
2011-06-30,834.82,846.88,834.82,845.92,137364800.0
2011-07-01,847.54,862.34,847.54,855.27,178940900.0
2011-07-04,856.5,876.17,856.5,876.17,220954700.0
2011-07-05,877.52,885.78,876.9,883.42,213180400.0
2011-07-06,881.6,894.28,877.82,894.28,204234700.0
2011-07-07,893.6,911.87,891.73,899.8,278066600.0
2011-07-08,899.47,902.05,888.22,894.91,173493400.0
2011-07-11,894.07,903.9,889.82,903.31,191807900.0
2011-07-12,895.49,898.98,888.58,891.52,227879200.0
2011-07-13,890.3,913.09,890.3,913.09,209416100.0
2011-07-14,913.49,932.78,913.49,932.78,297647600.0
2011-07-15,935.54,951.4,933.49,951.14,393007500.0
2011-07-18,952.03,959.27,944.1,946.12,305153000.0
2011-07-19,940.42,940.42,924.09,927.3,235674300.0
2011-07-20,932.21,937.75,920.22,930.83,206637600.0
2011-07-21,930.26,930.89,915.37,915.37,191540500.0
2011-07-22,917.63,929.93,917.63,923.99,174108200.0
2011-07-25,920.85,920.85,884.1,887.06,228613300.0
2011-07-26,884.02,892.54,878.16,892.54,147708200.0
2011-07-27,890.03,917.16,883.97,915.55,187721300.0
2011-07-28,907.25,920.03,902.5,919.4,182652400.0
2011-07-29,919.53,924.84,910.24,913.28,186156400.0
2011-08-01,911.94,931.37,910.98,927.38,176895300.0
2011-08-02,923.09,932.12,905.01,932.12,239589200.0
2011-08-03,922.81,951.59,918.64,945.51,297084700.0
2011-08-04,944.83,950.03,935.41,937.47,220054600.0
2011-08-05,905.16,926.62,899.32,919.18,202318800.0
2011-08-08,908.08,913.32,859.16,877.44,247970600.0
2011-08-09,849.0,884.84,835.28,878.76,212746000.0
2011-08-10,891.22,901.86,889.86,891.75,202588000.0
2011-08-11,873.12,915.49,870.29,915.49,242996900.0
2011-08-12,920.29,932.78,920.29,926.3,231307000.0
2011-08-15,928.98,946.8,928.98,942.48,231467400.0
2011-08-16,942.95,944.87,929.79,933.14,203888400.0
2011-08-17,932.01,941.45,926.02,936.16,193842900.0
2011-08-18,934.58,935.11,915.26,915.68,177470500.0
2011-08-19,895.65,912.42,891.8,912.42,171921800.0
2011-08-22,913.6,925.39,907.86,910.61,174816000.0
2011-08-23,912.35,936.42,912.35,936.42,228622700.0
2011-08-24,940.42,954.23,939.28,940.2,293338000.0
2011-08-25,942.64,943.72,927.36,942.94,243682300.0
2011-08-26,940.53,954.72,937.97,952.81,227329800.0
2011-08-29,951.55,959.67,947.72,954.03,237398900.0
2011-08-30,957.29,960.15,933.82,934.18,221948100.0
2011-08-31,931.79,936.1,911.82,921.49,166413500.0
2011-09-01,921.97,930.19,913.16,917.75,144306000.0
2011-09-02,916.07,918.59,902.48,909.85,136265100.0
2011-09-05,902.37,902.37,883.46,883.87,138659200.0
2011-09-06,876.71,884.61,869.81,874.74,107196800.0
2011-09-07,877.87,899.61,877.78,899.61,133033500.0
2011-09-08,903.25,909.88,891.52,891.93,143055000.0
2011-09-09,889.47,895.84,877.53,881.58,121048000.0
2011-09-13,870.04,870.04,858.91,861.92,105326400.0
2011-09-14,864.08,877.04,855.34,876.95,113202700.0
2011-09-15,877.93,885.71,875.67,875.86,120343200.0
2011-09-16,878.56,883.1,873.55,874.88,95303500.0
2011-09-19,871.88,871.88,854.64,854.71,91345400.0
2011-09-20,850.97,861.18,846.03,856.81,87643600.0
2011-09-21,856.8,881.56,854.29,881.03,135892200.0
2011-09-22,876.25,879.1,852.92,852.92,130032800.0
2011-09-23,840.17,848.27,833.77,843.48,118054700.0
2011-09-26,842.0,848.82,826.83,829.35,97995400.0
2011-09-27,833.64,839.19,822.84,830.88,93057300.0
2011-09-28,834.03,838.33,814.34,817.52,88379800.0
2011-09-29,813.26,813.26,791.05,791.89,103826200.0
2011-09-30,792.76,796.48,781.79,791.13,82427100.0
2011-10-10,792.97,796.86,786.84,790.04,71468200.0
2011-10-11,806.7,812.45,778.05,786.15,119847200.0
2011-10-12,783.43,817.02,773.92,816.14,163748000.0
2011-10-13,816.53,835.63,814.63,833.02,191023800.0
2011-10-14,830.48,833.03,819.98,830.2,144569900.0
2011-10-17,832.86,839.26,826.81,832.29,145821900.0
2011-10-18,826.53,828.17,806.0,806.6,161382200.0
2011-10-19,807.21,813.95,798.8,804.44,132652800.0
2011-10-20,801.03,801.03,771.15,778.95,145773900.0
2011-10-21,777.03,779.46,760.16,763.29,111305100.0
2011-10-24,761.43,772.96,741.33,772.41,162022100.0
2011-10-25,770.84,799.1,769.28,797.86,213374600.0
2011-10-26,794.29,820.81,791.0,811.13,286014400.0
2011-10-27,810.72,821.29,807.12,810.92,241696800.0
2011-10-28,820.42,833.73,813.93,833.42,285690500.0
2011-10-31,834.3,852.8,831.5,852.8,337067100.0
2011-11-01,843.8,855.35,840.05,853.36,323157900.0
2011-11-02,837.07,881.05,833.9,881.05,401744100.0
2011-11-03,885.87,898.31,877.66,877.66,492088800.0
2011-11-04,881.62,887.67,876.44,882.25,322527200.0
2011-11-07,880.15,889.34,876.54,878.76,240189600.0
2011-11-08,878.45,879.9,861.38,862.36,242032600.0
2011-11-09,866.91,891.12,860.75,891.12,338809200.0
2011-11-10,881.69,911.73,878.99,895.27,512765400.0
2011-11-11,893.72,901.8,885.59,891.19,376167600.0
2011-11-14,899.11,917.27,899.11,915.98,388531400.0
2011-11-15,916.62,922.81,912.81,920.97,368232800.0
2011-11-16,921.3,922.07,888.88,893.51,346599100.0
2011-11-17,893.79,911.9,890.82,898.34,286250800.0
2011-11-18,892.63,892.74,868.26,869.19,290800800.0
2011-11-21,866.98,868.31,849.56,863.13,210075900.0
2011-11-22,856.2,868.48,852.04,868.43,182110300.0
2011-11-23,868.78,874.3,863.06,864.81,186560700.0
2011-11-24,856.67,874.92,852.0,868.14,190796600.0
2011-11-25,866.99,874.47,860.63,863.49,195816400.0
2011-11-28,864.38,871.28,858.46,866.84,199068500.0
2011-11-29,872.2,880.31,866.74,880.31,222106400.0
2011-11-30,878.68,878.68,824.95,838.11,271169900.0
2011-12-01,861.54,872.34,852.87,852.87,276290800.0
2011-12-02,849.18,849.18,825.08,828.97,192291700.0
2011-12-05,825.6,826.09,790.29,791.39,166464000.0
2011-12-06,788.43,801.93,783.28,798.1,147499900.0
2011-12-07,797.18,806.42,794.36,802.62,131963000.0
2011-12-08,799.48,819.97,788.62,809.43,203447000.0
2011-12-09,802.13,812.17,796.19,798.84,145429500.0
2011-12-12,798.81,803.74,789.79,790.79,124689800.0
2011-12-13,787.08,787.08,765.83,769.55,91080500.0
2011-12-14,766.18,773.77,756.96,757.04,118569100.0
2011-12-15,751.55,756.81,743.27,751.39,111156500.0
2011-12-16,745.52,778.78,745.52,778.78,189917100.0
2011-12-19,774.65,793.44,767.07,793.44,248795900.0
2011-12-20,791.82,799.66,780.92,781.42,192837000.0
2011-12-21,786.98,791.23,760.92,761.34,190600500.0
2011-12-22,754.48,767.32,727.74,757.9,235250000.0
2011-12-23,754.89,770.38,750.96,761.44,189142900.0
2011-12-26,760.67,769.92,751.61,753.05,157857100.0
2011-12-27,749.61,749.92,725.11,727.17,163882000.0
2011-12-28,721.84,721.84,700.11,717.55,160777400.0
2011-12-29,714.58,722.2,710.65,716.55,124101600.0
2011-12-30,718.03,730.53,718.03,729.5,146606600.0
2012-01-04,734.74,737.91,707.11,707.11,138712200.0
2012-01-05,700.32,701.04,665.41,666.91,187682800.0
2012-01-06,662.65,672.13,645.8,669.02,158864200.0
2012-01-09,667.85,692.42,657.18,692.42,199860500.0
2012-01-10,691.65,718.29,690.5,716.45,264154100.0
2012-01-11,715.04,728.66,710.53,717.94,239866100.0
2012-01-12,715.82,724.08,708.67,709.89,203924100.0
2012-01-13,709.05,709.63,665.26,666.08,243703800.0
2012-01-16,657.8,657.8,633.31,633.91,171596500.0
2012-01-17,630.78,664.7,623.64,662.69,232085800.0
2012-01-18,662.94,665.6,621.67,624.91,239740800.0
2012-01-19,621.65,637.02,612.28,632.8,237354800.0
2012-01-20,634.83,648.14,634.57,646.38,199100400.0
2012-01-30,649.42,660.06,644.88,651.25,188878200.0
2012-01-31,649.37,650.49,637.43,648.68,166705200.0
2012-02-01,647.49,663.27,644.58,650.78,182018000.0
2012-02-02,652.06,665.4,652.06,665.4,204642700.0
2012-02-03,665.35,681.89,663.01,680.04,246984600.0
2012-02-06,681.04,689.96,680.7,686.51,242964400.0
2012-02-07,683.88,683.88,669.54,673.68,195950400.0
2012-02-08,673.07,692.3,669.62,692.3,238324100.0
2012-02-09,692.36,705.7,690.68,697.79,300027300.0
2012-02-10,696.53,703.09,693.75,698.85,238207200.0
2012-02-13,694.23,718.67,690.53,714.96,283107600.0
2012-02-14,714.75,717.77,707.97,712.3,202576800.0
2012-02-15,711.62,724.75,707.14,724.75,279647500.0
2012-02-16,723.43,731.45,714.4,721.83,276874700.0
2012-02-17,722.62,726.94,709.23,717.8,222660800.0
2012-02-20,726.88,731.41,720.97,721.1,288492200.0
2012-02-21,719.29,736.88,713.65,736.88,323117000.0
2012-02-22,737.78,759.56,737.78,759.56,439845000.0
2012-02-23,760.67,765.41,748.61,756.9,375290600.0
2012-02-24,756.16,764.74,755.19,762.29,342974000.0
2012-02-27,763.96,771.29,760.24,760.37,384755500.0
2012-02-28,757.45,758.17,737.37,747.77,382457600.0
2012-02-29,747.22,748.09,734.24,735.34,282415200.0
2012-03-01,734.25,748.8,733.78,743.15,262295100.0
2012-03-02,743.85,757.67,743.85,757.67,256055000.0
2012-03-05,759.65,766.75,758.83,759.37,298470800.0
2012-03-06,758.08,758.72,743.6,750.84,299701800.0
2012-03-07,743.05,759.45,740.61,749.27,278630300.0
2012-03-08,751.98,764.0,751.98,761.7,269069100.0
2012-03-09,764.48,777.69,763.72,777.69,335546300.0
2012-03-12,779.51,786.05,778.51,786.05,350107600.0
2012-03-13,785.53,792.38,782.94,792.38,372356600.0
2012-03-14,795.12,799.83,750.12,756.46,535388400.0
2012-03-15,754.53,759.53,735.09,746.44,344723200.0
2012-03-16,748.05,765.56,745.35,765.56,292849500.0
2012-03-19,764.95,779.56,763.36,779.56,296875400.0
2012-03-20,777.39,777.39,755.4,755.58,284260500.0
2012-03-21,758.89,761.34,737.99,751.79,271092900.0
2012-03-22,750.45,756.35,744.89,750.85,202285400.0
2012-03-23,748.87,750.69,735.15,737.89,198204400.0
2012-03-26,735.16,742.26,731.31,737.21,161792800.0
2012-03-27,739.44,745.83,733.84,735.73,192525200.0
2012-03-28,732.68,732.68,697.51,698.49,247395600.0
2012-03-29,692.37,695.96,676.99,683.96,192046600.0
2012-03-30,682.28,686.5,673.49,678.52,180630100.0
2012-04-05,677.76,698.3,676.51,697.75,199915400.0
2012-04-06,697.86,705.38,695.65,701.9,201784100.0
2012-04-09,699.87,701.59,689.72,689.72,154797600.0
2012-04-10,686.47,697.16,672.98,697.16,182156000.0
2012-04-11,689.85,701.93,685.75,698.49,161259200.0
2012-04-12,699.42,713.25,697.74,713.12,206037900.0
2012-04-13,715.04,723.89,714.24,718.96,226780200.0
2012-04-16,714.85,719.88,712.02,716.23,172051500.0
2012-04-17,716.53,718.46,708.4,709.14,183319500.0
2012-04-18,710.14,724.03,710.1,723.46,236595400.0
2012-04-19,723.83,728.46,721.59,725.12,234132500.0
2012-04-20,724.13,728.72,720.83,728.72,217759000.0
2012-04-23,724.9,724.9,689.44,690.43,371809700.0
2012-04-24,680.61,689.88,663.92,681.53,287657900.0
2012-04-25,679.75,684.48,674.54,682.52,200800100.0
2012-04-26,683.02,685.82,673.94,678.44,178175800.0
2012-04-27,677.55,689.1,676.07,685.13,187803300.0
2012-05-02,692.35,696.42,686.18,693.61,208885000.0
2012-05-03,693.4,699.41,690.76,699.31,195262400.0
2012-05-04,699.88,713.84,699.88,713.19,261838100.0
2012-05-07,710.98,733.04,709.87,733.04,309428100.0
2012-05-08,733.83,738.52,730.55,731.72,302463300.0
2012-05-09,727.6,727.7,718.72,719.35,253830200.0
2012-05-10,718.24,730.78,718.24,727.28,235333700.0
2012-05-11,726.56,730.83,720.93,721.08,272066900.0
2012-05-14,725.52,729.67,717.94,719.87,265740100.0
2012-05-15,714.58,720.21,709.63,720.11,239165400.0
2012-05-16,718.71,722.21,709.88,709.96,198175400.0
2012-05-17,709.5,718.44,703.92,716.17,201702300.0
2012-05-18,711.69,717.27,705.25,706.22,255758800.0
2012-05-21,705.86,709.68,698.8,704.8,216190700.0
2012-05-22,706.92,714.91,706.92,714.66,182992400.0
2012-05-23,715.03,717.2,705.2,713.02,243769200.0
2012-05-24,711.68,718.02,710.07,712.58,262556200.0
2012-05-25,713.04,714.9,700.62,702.72,227596800.0
2012-05-28,699.64,707.49,686.07,706.47,231536300.0
2012-05-29,705.78,721.72,704.2,720.45,277976000.0
2012-05-30,720.57,731.28,719.14,727.19,331031700.0
2012-05-31,724.46,740.49,721.71,734.45,350950400.0
2012-06-01,733.62,739.93,730.0,734.26,314015100.0
2012-06-04,721.68,734.26,717.04,717.1,323151600.0
2012-06-05,718.11,721.57,713.58,715.93,206662300.0
2012-06-06,717.13,722.36,711.19,715.24,197821500.0
2012-06-07,721.56,725.29,709.17,711.43,216035400.0
2012-06-08,716.42,721.36,710.27,713.92,248574100.0
2012-06-11,714.12,734.5,714.12,734.5,316024800.0
2012-06-12,731.04,739.02,729.71,735.29,313093700.0
2012-06-13,735.6,746.51,735.6,746.51,337757600.0
2012-06-14,745.76,750.28,739.91,740.97,301755300.0
2012-06-15,742.38,747.3,733.33,742.27,299647500.0
2012-06-18,744.05,753.77,744.05,752.98,334320000.0
2012-06-19,751.27,752.77,746.09,747.49,297375800.0
2012-06-20,747.64,751.9,746.03,748.39,256904200.0
2012-06-21,746.61,746.61,732.17,739.05,296975000.0
2012-06-25,736.18,736.18,720.47,720.6,255649800.0
2012-06-26,716.3,719.33,703.03,715.92,221800200.0
2012-06-27,715.52,728.54,715.38,718.93,226152500.0
2012-06-28,719.09,723.07,710.9,711.14,237702900.0
2012-06-29,708.11,726.68,705.86,726.68,239742400.0
2012-07-02,730.77,744.96,730.76,741.19,254860300.0
2012-07-03,742.2,751.36,739.92,743.9,289243700.0
2012-07-04,744.7,747.84,736.9,739.62,258971200.0
2012-07-05,738.49,738.49,721.36,724.31,253302600.0
2012-07-06,727.68,737.69,712.44,737.29,299160200.0
2012-07-09,733.66,737.79,721.6,722.28,291526900.0
2012-07-10,719.89,721.81,710.73,713.53,263845600.0
2012-07-11,710.89,719.3,706.72,719.3,193198600.0
2012-07-12,718.62,735.7,717.2,734.32,278616500.0
2012-07-13,731.49,736.46,722.65,725.79,267435200.0
2012-07-16,722.82,722.82,691.23,691.39,315842400.0
2012-07-17,687.74,697.0,686.11,697.0,201881100.0
2012-07-18,695.92,702.17,684.3,702.14,209244700.0
2012-07-19,701.23,714.92,698.47,709.17,246349400.0
2012-07-20,707.83,714.15,704.87,706.25,184227200.0
2012-07-23,703.2,708.21,697.69,704.57,165901300.0
2012-07-24,700.58,712.1,698.39,706.4,173285000.0
2012-07-25,704.7,715.97,703.35,708.3,205352900.0
2012-07-26,707.77,717.76,704.97,706.72,181332900.0
2012-07-27,707.97,711.57,698.18,703.58,183496000.0
2012-07-30,703.7,707.63,685.84,688.47,202728800.0
2012-07-31,686.54,687.69,672.28,676.96,189091200.0
2012-08-01,677.53,694.54,676.34,689.49,167065500.0
2012-08-02,688.33,694.83,684.2,690.98,177964500.0
2012-08-03,691.79,711.93,690.26,711.92,218600700.0
2012-08-06,708.26,731.39,706.83,730.42,279092100.0
2012-08-07,729.63,737.58,729.44,736.01,268053000.0
2012-08-08,734.88,734.88,723.98,730.07,211419300.0
2012-08-09,729.5,743.23,727.7,743.2,230429800.0
2012-08-10,743.28,744.84,736.55,743.07,210835100.0
2012-08-13,742.38,742.38,726.93,727.64,213426800.0
2012-08-14,726.84,736.45,714.65,736.35,221548000.0
2012-08-15,734.87,736.28,728.49,729.73,173496200.0
2012-08-16,728.66,730.13,720.72,723.53,148316200.0
2012-08-17,721.33,723.2,714.02,721.05,175443400.0
2012-08-20,718.14,732.67,713.15,730.87,221201600.0
2012-08-21,730.29,752.78,729.99,748.93,329556600.0
2012-08-22,749.0,756.53,743.61,746.85,309256700.0
2012-08-23,745.47,751.71,741.38,750.56,321469100.0
2012-08-24,747.72,750.35,733.31,733.31,281331500.0
2012-08-27,731.67,731.67,721.2,722.57,284478000.0
2012-08-28,720.83,733.13,717.53,727.62,244496200.0
2012-08-29,726.7,736.74,722.82,726.94,265424400.0
2012-08-30,727.21,729.05,692.14,704.03,327549700.0
2012-08-31,701.37,710.02,698.62,706.62,214485000.0
2012-09-03,703.81,725.17,701.7,723.87,254248700.0
2012-09-04,724.7,732.36,721.52,722.72,273424700.0
2012-09-05,721.07,732.77,719.34,730.62,268238400.0
2012-09-06,732.46,739.74,731.24,739.74,281571800.0
2012-09-07,744.65,764.45,744.24,759.46,518194400.0
2012-09-10,759.69,765.31,756.03,762.31,459539400.0
2012-09-11,761.55,762.51,756.77,761.73,450568200.0
2012-09-12,763.04,766.52,754.32,762.51,370687500.0
2012-09-13,761.78,764.36,749.89,749.89,377605500.0
2012-09-14,753.6,756.2,738.95,744.46,315762700.0
2012-09-17,742.69,742.69,724.15,724.15,246354300.0
2012-09-18,722.38,730.36,720.45,723.61,192988700.0
2012-09-19,724.89,730.3,723.64,728.25,189723900.0
2012-09-20,727.96,727.96,704.91,706.69,292627200.0
2012-09-21,703.42,706.52,689.53,691.14,250418600.0
2012-09-24,685.99,695.19,678.35,690.34,210795000.0
2012-09-25,688.21,693.76,680.65,682.34,185150500.0
2012-09-26,680.47,682.67,660.12,661.49,186235200.0
2012-09-27,662.78,680.48,662.78,676.96,226533900.0
2012-09-28,674.19,691.06,671.61,689.64,206436500.0
2012-10-08,690.35,693.64,686.27,690.77,151872300.0
2012-10-09,691.39,712.78,691.39,712.7,253791300.0
2012-10-10,712.15,722.52,709.92,721.85,284897900.0
2012-10-11,720.39,724.7,711.63,711.8,273526500.0
2012-10-12,711.83,721.26,700.97,708.87,246129400.0
2012-10-15,706.23,707.13,694.12,701.96,238877600.0
2012-10-16,700.94,711.87,698.97,705.39,220526500.0
2012-10-17,706.09,711.41,701.64,709.09,199725200.0
2012-10-18,709.29,721.68,709.29,720.52,247940100.0
2012-10-19,720.85,722.61,715.92,719.45,200949600.0
2012-10-22,716.53,724.29,714.7,724.28,185693300.0
2012-10-23,723.83,725.38,710.55,711.26,227753500.0
2012-10-24,707.3,713.96,704.41,707.75,196741500.0
2012-10-25,707.88,710.98,696.45,697.44,212278300.0
2012-10-26,695.89,697.46,680.91,685.33,203275900.0
2012-10-29,684.34,691.6,682.76,688.12,152122600.0
2012-10-30,688.51,694.67,687.79,689.61,146090200.0
2012-10-31,689.62,691.65,685.05,691.65,151926700.0
2012-11-01,692.06,702.95,692.06,701.78,220092500.0
2012-11-02,702.03,703.13,697.06,701.38,166926000.0
2012-11-05,700.11,703.46,690.94,692.87,198655800.0
2012-11-06,693.36,693.37,679.96,690.5,224463200.0
2012-11-07,689.79,692.58,686.61,689.75,169286000.0
2012-11-08,684.89,685.45,675.76,675.85,189086500.0
2012-11-09,674.59,679.02,671.69,672.67,157978500.0
2012-11-12,674.76,681.3,671.63,676.6,176171200.0
2012-11-13,676.26,676.38,666.34,667.33,188079300.0
2012-11-14,666.4,667.78,657.58,665.18,166451800.0
2012-11-15,662.9,667.86,657.35,659.21,185461900.0
2012-11-16,659.38,660.1,653.02,656.2,191705700.0
2012-11-19,654.78,657.38,647.87,656.94,206899100.0
2012-11-20,657.4,661.24,656.08,656.61,198949400.0
2012-11-21,656.44,661.89,646.64,660.03,222493000.0
2012-11-22,659.13,659.2,650.39,651.83,196649000.0
2012-11-23,652.94,656.36,650.27,651.43,213482400.0
2012-11-26,651.06,651.06,638.38,638.88,177821900.0
2012-11-27,635.26,635.26,615.59,616.28,227428900.0
2012-11-28,611.91,611.91,605.69,607.67,180084400.0
2012-11-29,607.16,611.89,601.18,603.17,163753300.0
2012-11-30,602.95,608.54,601.05,606.77,161239000.0
2012-12-03,605.6,607.25,593.2,593.66,171621100.0
2012-12-04,592.4,601.49,585.44,600.8,199991300.0
2012-12-05,599.45,627.85,597.76,624.82,287781700.0
2012-12-06,625.16,630.22,619.49,624.32,250146200.0
2012-12-07,624.15,638.17,622.22,637.49,335539200.0
2012-12-10,638.24,647.54,636.17,646.32,378350800.0
2012-12-11,645.25,646.79,640.69,641.17,344591300.0
2012-12-12,639.91,640.93,631.14,639.51,304357500.0
2012-12-13,638.09,641.17,631.19,632.18,284410200.0
2012-12-14,631.45,656.59,631.22,656.22,453510500.0
2012-12-17,656.75,658.39,646.27,649.61,380451400.0
2012-12-18,648.56,654.35,643.05,646.05,353612400.0
2012-12-19,645.14,654.41,644.97,652.1,299977300.0
2012-12-20,652.04,658.31,648.49,658.31,370588900.0
2012-12-21,658.54,670.81,655.62,668.09,417719200.0
2012-12-24,666.28,679.76,665.88,679.76,347432400.0
2012-12-25,679.57,695.91,678.82,694.12,454863500.0
2012-12-26,693.29,709.08,691.99,709.08,454260900.0
2012-12-27,709.91,712.85,699.37,699.57,461035600.0
2012-12-28,698.91,707.67,694.77,707.67,380242400.0
2012-12-31,708.24,713.86,703.62,713.86,385456300.0
2013-01-04,717.3,718.39,699.17,705.34,428797900.0
2013-01-07,704.37,718.11,702.39,718.11,473422700.0
2013-01-08,718.43,735.34,716.3,733.14,558331700.0
2013-01-09,732.01,740.64,727.91,734.51,529453100.0
2013-01-10,734.31,743.55,734.31,741.18,470018500.0
2013-01-11,740.9,746.04,730.4,731.59,532735500.0
2013-01-14,735.65,761.73,735.18,760.55,586224200.0
2013-01-15,763.62,781.42,763.62,778.6,735500000.0
2013-01-16,777.04,779.92,762.04,774.48,554870800.0
2013-01-17,773.79,775.82,767.48,768.31,409237200.0
2013-01-18,771.31,787.5,771.31,787.39,453049800.0
2013-01-21,788.07,793.23,783.41,792.6,442412200.0
2013-01-22,792.31,792.54,769.09,775.14,432686000.0
2013-01-23,773.74,779.56,765.36,778.48,376178900.0
2013-01-24,778.64,784.32,750.36,757.87,498831200.0
2013-01-25,757.61,766.78,756.61,762.85,313899300.0
2013-01-28,764.09,784.76,764.09,784.76,341318700.0
2013-01-29,785.76,795.07,785.76,791.67,398907300.0
2013-01-30,791.96,792.77,778.3,783.68,395080700.0
2013-01-31,784.11,784.11,771.15,776.01,418749800.0
2013-02-01,775.11,785.52,772.94,782.36,391554100.0
2013-02-04,783.74,786.56,767.85,771.9,411243500.0
2013-02-05,768.41,781.57,765.97,780.98,306085200.0
2013-02-06,781.32,794.5,781.32,791.26,329440300.0
2013-02-07,792.85,806.31,789.37,805.59,331128300.0
2013-02-08,804.96,824.31,804.96,823.03,383845800.0
2013-02-18,829.66,835.66,825.95,835.28,477261500.0
2013-02-19,834.97,835.41,816.96,819.71,426407500.0
2013-02-20,819.03,850.86,819.03,850.86,509227200.0
2013-02-21,846.64,853.27,829.6,839.3,567979500.0
2013-02-22,837.13,848.16,836.87,838.76,404852300.0
2013-02-25,838.88,857.85,838.88,855.69,450666300.0
2013-02-26,853.28,865.8,849.94,851.22,506097600.0
2013-02-27,852.13,856.12,835.93,846.09,430049700.0
2013-02-28,846.34,861.09,844.2,861.09,463515200.0
2013-03-01,860.8,885.18,859.83,884.89,607589700.0
2013-03-04,880.25,888.79,855.05,863.5,639461100.0
2013-03-05,861.22,888.32,857.54,888.1,475627300.0
2013-03-06,890.23,905.16,890.23,902.9,551464900.0
2013-03-07,902.41,902.41,867.87,877.34,524988700.0
2013-03-08,877.73,882.14,861.81,864.7,377378200.0
2013-03-11,863.12,872.18,858.04,869.15,281227700.0
2013-03-12,869.72,873.47,828.04,839.84,475170400.0
2013-03-13,835.46,836.28,821.35,834.05,319778000.0
2013-03-14,832.29,845.59,831.57,842.04,283946800.0
2013-03-15,841.71,867.86,839.58,853.91,353744600.0
2013-03-18,852.15,862.82,850.1,852.12,289020600.0
2013-03-19,850.06,854.24,829.19,842.68,300744800.0
2013-03-20,842.71,866.27,842.58,866.27,338852600.0
2013-03-21,867.9,885.98,866.68,882.73,410081900.0
2013-03-22,881.9,884.23,876.92,882.0,321171200.0
2013-03-25,882.75,884.85,874.01,881.76,315953000.0
2013-03-26,878.56,879.85,862.67,876.36,326212900.0
2013-03-27,876.55,885.77,874.25,882.75,285319500.0
2013-03-28,877.85,877.85,861.65,867.51,328240200.0
2013-03-29,868.09,872.78,860.96,866.46,267548800.0
2013-04-01,866.65,879.92,865.98,877.0,279371100.0
2013-04-02,875.33,883.15,843.21,845.16,352335700.0
2013-04-03,842.36,845.49,827.27,835.14,296581100.0
2013-04-08,824.78,853.62,817.35,853.48,311854500.0
2013-04-09,854.51,864.12,853.94,861.99,264731100.0
2013-04-10,861.27,861.91,843.1,850.53,255215300.0
2013-04-11,853.14,855.96,847.39,847.78,220831400.0
2013-04-12,847.2,854.22,845.85,846.61,205374700.0
2013-04-15,844.11,845.75,834.01,836.34,182150800.0
2013-04-16,828.94,846.05,824.84,846.05,198005200.0
2013-04-17,845.09,867.51,844.92,867.51,255832900.0
2013-04-18,862.7,875.99,860.72,873.48,272093000.0
2013-04-19,874.88,895.87,874.88,892.21,345087600.0
2013-04-22,890.93,916.02,889.26,916.02,385981300.0
2013-04-23,916.42,916.54,892.11,893.79,396183900.0
2013-04-24,894.69,925.01,894.69,923.41,389671500.0
2013-04-25,924.22,937.56,903.61,903.63,482563500.0
2013-04-26,901.99,904.3,886.4,889.38,343244900.0
2013-05-02,887.08,914.17,883.79,913.65,280735100.0
2013-05-03,916.01,940.28,916.01,939.21,390797500.0
2013-05-06,941.09,962.63,941.09,958.02,497409900.0
2013-05-07,956.41,964.71,949.84,957.44,425533600.0
2013-05-08,960.98,980.08,960.7,980.08,493870500.0
2013-05-09,978.94,994.27,978.07,992.16,583110400.0
2013-05-10,989.15,996.59,977.43,988.3,549987700.0
2013-05-13,989.37,995.25,978.72,995.11,466095000.0
2013-05-14,992.62,992.62,971.35,976.33,413012700.0
2013-05-15,976.95,1012.67,976.95,1012.66,499755800.0
2013-05-16,1010.95,1034.35,999.49,1009.53,693631800.0
2013-05-17,1006.47,1029.11,1004.42,1023.4,540703200.0
2013-05-20,1025.17,1052.7,1025.17,1051.65,697549800.0
2013-05-21,1049.6,1074.89,1045.46,1073.58,712337800.0
2013-05-22,1067.44,1067.5,1036.31,1039.81,711050300.0
2013-05-23,1035.31,1061.53,1033.12,1042.9,580553800.0
2013-05-24,1044.29,1073.78,1044.29,1073.78,613410800.0
2013-05-27,1075.82,1091.25,1075.82,1089.72,670674800.0
2013-05-28,1089.77,1090.16,1055.64,1059.0,619449400.0
2013-05-29,1055.6,1067.03,1053.18,1065.96,487073400.0
2013-05-30,1063.0,1078.46,1059.83,1073.87,521434200.0
2013-05-31,1074.48,1086.33,1068.07,1073.02,583088300.0
2013-06-03,1070.73,1074.82,1050.21,1052.14,550157900.0
2013-06-04,1049.1,1049.26,1011.4,1022.46,553234400.0
2013-06-05,1021.02,1038.03,1021.02,1032.76,429371900.0
2013-06-06,1027.05,1031.36,1020.83,1022.13,421631200.0
2013-06-07,1022.56,1039.65,1018.45,1030.14,463511700.0
2013-06-13,1019.47,1029.28,986.05,1029.28,461235400.0
2013-06-14,1029.93,1069.81,1029.93,1068.15,517068500.0
2013-06-17,1074.53,1091.91,1068.61,1073.69,605254300.0
2013-06-18,1073.31,1078.53,1053.32,1072.93,507208600.0
2013-06-19,1064.74,1070.35,1053.8,1067.62,464482100.0
2013-06-20,1060.38,1067.95,1027.84,1029.53,492518500.0
2013-06-21,1007.87,1030.13,988.22,1025.5,495763100.0
2013-06-24,1023.22,1023.22,961.84,971.45,549308500.0
2013-06-25,958.35,991.64,903.67,984.75,707685100.0
2013-06-26,984.94,1039.01,984.88,1038.98,703487900.0
2013-06-27,1043.66,1063.02,1020.46,1022.5,734487200.0
2013-06-28,1012.64,1037.42,1002.19,1011.66,524032600.0
2013-07-01,1011.27,1055.84,1005.8,1055.84,519985600.0
2013-07-02,1056.91,1086.4,1056.91,1083.25,689076700.0
2013-07-03,1079.65,1108.48,1065.51,1104.58,687078800.0
2013-07-04,1097.77,1105.79,1085.4,1087.9,589097300.0
2013-07-05,1087.69,1091.82,1057.13,1057.27,550236400.0
2013-07-08,1035.94,1057.04,1015.67,1030.6,524388700.0
2013-07-09,1028.56,1051.51,1026.46,1050.71,453563800.0
2013-07-10,1049.21,1069.39,1048.73,1068.86,509640500.0
2013-07-11,1066.7,1082.78,1057.44,1080.78,567488600.0
2013-07-12,1079.33,1117.69,1077.31,1096.3,626897700.0
2013-07-15,1096.19,1139.57,1096.19,1139.57,717981700.0
2013-07-16,1141.57,1153.07,1129.74,1143.19,673906700.0
2013-07-17,1140.73,1149.47,1118.85,1129.48,618690500.0
2013-07-18,1124.79,1138.09,1118.63,1127.97,543028000.0
2013-07-19,1125.77,1156.09,1116.01,1116.01,662144200.0
2013-07-22,1109.95,1153.77,1107.33,1153.77,607266600.0
2013-07-23,1161.08,1179.46,1160.45,1178.59,746444500.0
2013-07-24,1181.36,1208.13,1177.59,1203.31,793822000.0
2013-07-25,1205.62,1207.23,1148.81,1150.39,794552100.0
2013-07-26,1150.25,1166.21,1133.16,1158.35,545128700.0
2013-07-29,1155.81,1168.47,1136.4,1136.98,565211800.0
2013-07-30,1137.15,1147.02,1095.65,1124.1,538265100.0
2013-07-31,1126.1,1143.37,1117.34,1134.02,464508800.0
2013-08-01,1135.45,1191.12,1135.45,1190.11,659737500.0
2013-08-02,1196.17,1208.32,1187.31,1188.85,714128200.0
2013-08-05,1186.73,1202.83,1182.54,1202.83,525511600.0
2013-08-06,1202.09,1219.12,1200.69,1211.78,585941000.0
2013-08-07,1208.5,1209.37,1173.26,1175.7,573416500.0
2013-08-08,1172.08,1195.92,1165.32,1185.95,468778900.0
2013-08-09,1185.64,1194.78,1153.45,1172.52,492951500.0
2013-08-12,1174.09,1185.37,1146.02,1161.87,532290700.0
2013-08-13,1161.49,1180.61,1151.68,1172.33,499283600.0
2013-08-14,1175.62,1186.29,1160.02,1180.66,631724400.0
2013-08-15,1177.85,1184.4,1165.77,1167.09,591629700.0
2013-08-16,1158.96,1178.84,1131.44,1132.09,575987900.0
2013-08-19,1126.64,1172.03,1125.59,1171.4,487858500.0
2013-08-20,1170.99,1180.99,1164.38,1175.78,544941300.0
2013-08-21,1173.61,1185.54,1169.49,1181.34,504081000.0
2013-08-22,1180.19,1204.59,1178.41,1197.13,545959000.0
2013-08-23,1200.68,1225.89,1188.82,1219.82,658819600.0
2013-08-26,1220.97,1241.47,1220.58,1238.17,552069100.0
2013-08-27,1238.27,1251.04,1226.38,1250.75,519388000.0
2013-08-28,1244.01,1253.4,1227.99,1227.99,626933300.0
2013-08-29,1224.61,1236.45,1217.52,1226.3,446115900.0
2013-08-30,1221.87,1226.36,1181.89,1185.15,548531600.0
2013-09-02,1179.32,1210.53,1178.01,1210.19,406314600.0
2013-09-03,1217.77,1234.59,1214.3,1234.59,438385600.0
2013-09-04,1233.5,1245.78,1227.32,1236.35,482236900.0
2013-09-05,1233.82,1267.53,1233.26,1267.26,543735000.0
2013-09-06,1267.84,1288.26,1261.57,1282.75,526018100.0
2013-09-09,1282.65,1283.7,1258.13,1275.91,633547100.0
2013-09-10,1277.87,1278.04,1254.01,1263.59,640827700.0
2013-09-11,1256.66,1256.66,1216.37,1220.7,661190700.0
2013-09-12,1215.69,1236.59,1211.6,1220.63,441028800.0
2013-09-13,1221.15,1256.04,1210.4,1253.45,485878600.0
2013-09-16,1254.47,1297.64,1254.47,1278.8,524743700.0
2013-09-17,1279.26,1285.63,1267.71,1269.36,478639300.0
2013-09-18,1268.34,1292.33,1262.33,1289.64,490374600.0
2013-09-23,1292.76,1326.41,1291.33,1326.09,604743900.0
2013-09-24,1325.89,1340.52,1310.33,1328.4,641443200.0
2013-09-25,1324.19,1344.39,1320.11,1323.04,565790500.0
2013-09-26,1318.52,1332.12,1301.14,1306.34,516088700.0
2013-09-27,1305.51,1330.69,1301.48,1323.76,463486500.0
2013-09-30,1329.56,1368.66,1329.56,1367.91,443197500.0
2013-10-08,1376.36,1389.73,1363.9,1387.66,545197100.0
2013-10-09,1385.96,1418.48,1382.1,1415.83,589673600.0
2013-10-10,1422.35,1423.96,1377.32,1378.15,734537000.0
2013-10-11,1377.98,1386.54,1357.49,1379.9,659638900.0
2013-10-14,1374.47,1394.34,1370.72,1393.6,658337800.0
2013-10-15,1397.21,1409.5,1378.81,1389.75,719009700.0
2013-10-16,1393.01,1393.1,1323.87,1335.1,722704500.0
2013-10-17,1339.31,1355.65,1317.75,1322.99,713979500.0
2013-10-18,1327.09,1353.97,1327.09,1349.94,575376900.0
2013-10-21,1358.88,1403.11,1358.88,1400.97,780835100.0
2013-10-22,1401.47,1408.45,1348.69,1350.47,976921300.0
2013-10-23,1336.23,1336.23,1293.82,1311.23,824506400.0
2013-10-24,1307.11,1319.37,1287.88,1295.93,542620000.0
2013-10-25,1298.72,1304.49,1255.59,1269.17,664793800.0
2013-10-28,1264.14,1286.0,1262.34,1279.05,547077600.0
2013-10-29,1276.27,1292.97,1205.0,1261.68,777176600.0
2013-10-30,1256.24,1274.34,1251.01,1273.29,535703700.0
2013-10-31,1266.56,1266.56,1232.4,1235.56,483608100.0
2013-11-01,1227.69,1233.57,1198.81,1221.96,531511600.0
2013-11-04,1217.28,1240.88,1216.85,1222.46,438442800.0
2013-11-05,1217.64,1260.37,1208.35,1260.03,535987600.0
2013-11-06,1255.47,1277.43,1241.76,1241.79,599741800.0
2013-11-07,1234.24,1250.57,1219.31,1224.05,443032900.0
2013-11-08,1215.68,1226.32,1204.52,1211.11,445388700.0
2013-11-11,1208.26,1223.77,1191.18,1212.69,362148100.0
2013-11-12,1213.31,1233.19,1209.54,1228.35,456387100.0
2013-11-13,1226.53,1236.39,1210.66,1212.08,434188200.0
2013-11-14,1207.45,1251.77,1200.71,1249.67,541435900.0
2013-11-15,1248.26,1287.08,1248.07,1269.05,637984000.0
2013-11-18,1275.55,1295.21,1275.55,1291.15,594634600.0
2013-11-19,1293.06,1312.06,1289.91,1298.17,568854000.0
2013-11-20,1299.68,1303.45,1283.66,1299.26,488654000.0
2013-11-21,1295.93,1304.74,1288.21,1298.95,578557300.0
2013-11-22,1298.47,1300.96,1283.88,1295.07,499634500.0
2013-11-25,1290.84,1305.23,1283.66,1293.8,462405500.0
2013-11-26,1291.62,1299.67,1280.01,1291.85,482267700.0
2013-11-27,1290.19,1336.17,1288.58,1329.48,642413900.0
2013-11-28,1333.05,1342.82,1331.45,1336.66,579188500.0
2013-11-29,1335.63,1369.12,1335.63,1366.83,645208600.0
2013-12-02,1296.7,1317.69,1253.34,1253.93,875157700.0
2013-12-03,1223.38,1261.77,1198.06,1255.33,725573200.0
2013-12-04,1249.59,1276.06,1240.08,1240.29,668323700.0
2013-12-05,1234.5,1236.1,1200.46,1202.07,676759000.0
2013-12-06,1196.32,1215.49,1194.74,1206.78,510729800.0
2013-12-09,1211.39,1241.77,1211.39,1241.71,535534000.0
2013-12-10,1244.57,1249.35,1227.06,1231.92,512040500.0
2013-12-11,1230.78,1255.06,1226.58,1244.51,482623200.0
2013-12-12,1242.15,1285.27,1238.95,1279.32,610613700.0
2013-12-13,1274.17,1286.72,1268.65,1278.14,538423300.0
2013-12-16,1279.06,1293.94,1266.94,1279.96,601862600.0
2013-12-17,1278.53,1282.17,1248.82,1267.67,498400200.0
2013-12-18,1267.77,1267.77,1245.96,1256.0,456035500.0
2013-12-19,1253.43,1281.82,1253.43,1256.08,489486200.0
2013-12-20,1255.82,1266.03,1246.39,1253.71,428688900.0
2013-12-23,1251.41,1253.67,1224.99,1242.81,478918100.0
2013-12-24,1242.0,1264.72,1241.91,1258.82,493587300.0
2013-12-25,1262.0,1288.85,1258.41,1288.34,554811400.0
2013-12-26,1290.87,1297.47,1268.14,1269.54,562487500.0
2013-12-27,1265.08,1297.62,1265.08,1294.3,541699300.0
2013-12-30,1294.42,1307.99,1292.83,1307.99,547546400.0
2013-12-31,1302.67,1309.34,1288.94,1304.44,516300200.0
2014-01-02,1302.3,1333.1,1299.34,1333.0,547106800.0
2014-01-03,1332.35,1355.12,1331.97,1352.84,620939600.0
2014-01-06,1350.31,1354.15,1322.72,1323.33,556349300.0
2014-01-07,1315.44,1355.4,1312.27,1352.28,531876000.0
2014-01-08,1363.31,1409.21,1363.31,1405.02,868521700.0
2014-01-09,1401.8,1423.84,1379.65,1380.24,762871600.0
2014-01-10,1373.52,1385.85,1347.61,1353.3,439099200.0
2014-01-13,1352.01,1374.15,1349.25,1362.79,446104800.0
2014-01-14,1364.8,1400.92,1364.8,1400.92,481074800.0
2014-01-15,1399.67,1417.42,1397.94,1415.32,476300400.0
2014-01-16,1415.57,1423.12,1392.01,1395.16,479813900.0
2014-01-17,1395.03,1411.55,1391.62,1395.51,479389500.0
2014-01-20,1393.88,1400.94,1362.45,1372.74,514641400.0
2014-01-21,1370.69,1407.45,1370.69,1407.15,521002500.0
2014-01-22,1407.46,1432.0,1407.46,1431.74,639849200.0
2014-01-23,1433.7,1472.34,1433.17,1461.53,737528500.0
2014-01-24,1458.21,1493.64,1455.95,1484.43,675336800.0
2014-01-27,1477.46,1500.46,1465.14,1477.67,704276700.0
2014-01-28,1476.59,1486.42,1448.47,1471.34,550840200.0
2014-01-29,1472.54,1497.72,1469.58,1496.53,553040500.0
2014-01-30,1494.12,1507.87,1486.82,1495.98,542959500.0
2014-02-07,1489.05,1532.82,1483.69,1532.69,560317200.0
2014-02-10,1536.99,1557.03,1525.94,1553.42,726627200.0
2014-02-11,1550.62,1559.77,1506.04,1527.15,785649500.0
2014-02-12,1527.1,1540.33,1513.91,1539.97,662243500.0
2014-02-13,1537.26,1539.66,1484.42,1485.13,766178600.0
2014-02-14,1484.56,1516.43,1475.95,1515.78,581673700.0
2014-02-17,1521.17,1559.12,1521.17,1558.62,720083300.0
2014-02-18,1558.74,1561.77,1539.21,1545.34,661308900.0
2014-02-19,1544.64,1551.88,1524.39,1544.4,667420000.0
2014-02-20,1545.26,1545.51,1504.17,1515.16,614165000.0
2014-02-21,1512.17,1526.03,1503.81,1519.67,484903600.0
2014-02-24,1517.97,1542.31,1510.46,1540.03,559946700.0
2014-02-25,1543.97,1571.4,1460.41,1472.69,877397100.0
2014-02-26,1452.06,1468.0,1415.25,1465.98,620306000.0
2014-02-27,1467.27,1496.62,1410.97,1414.66,658585700.0
2014-02-28,1410.4,1436.88,1393.0,1434.89,503420700.0
2014-03-03,1433.9,1466.23,1431.14,1465.14,483603400.0
2014-03-04,1462.26,1475.5,1446.27,1460.45,480263700.0
2014-03-05,1467.06,1471.04,1454.94,1464.58,469854000.0
2014-03-06,1461.11,1464.41,1427.0,1462.53,502424400.0
2014-03-07,1463.93,1477.96,1453.62,1460.61,503043400.0
2014-03-10,1446.06,1446.06,1404.59,1407.07,504093600.0
2014-03-11,1399.9,1410.38,1380.97,1395.81,414892100.0
2014-03-12,1390.86,1418.61,1378.89,1399.27,451511100.0
2014-03-13,1401.55,1437.15,1401.43,1436.86,343871800.0
2014-03-14,1433.46,1450.38,1424.01,1434.02,326149600.0
2014-03-17,1436.1,1477.68,1435.32,1477.42,380346000.0
2014-03-18,1479.38,1493.39,1478.72,1485.64,484827300.0
2014-03-19,1481.49,1482.3,1456.9,1466.22,418830100.0
2014-03-20,1463.07,1466.42,1417.17,1417.66,467830600.0
2014-03-21,1405.9,1427.92,1379.74,1419.84,446109700.0
2014-03-24,1411.78,1416.86,1392.51,1397.29,392564800.0
2014-03-25,1392.14,1410.48,1385.0,1394.82,309948800.0
2014-03-26,1396.91,1424.25,1396.91,1417.61,387438400.0
2014-03-27,1415.55,1417.36,1367.96,1367.96,408553900.0
2014-03-28,1363.87,1364.26,1317.41,1330.5,457960700.0
2014-03-31,1327.23,1340.47,1315.49,1327.8,282727300.0
2014-04-01,1327.18,1355.73,1326.25,1355.05,311418700.0
2014-04-02,1356.68,1360.88,1316.9,1327.98,324594900.0
2014-04-03,1326.81,1344.32,1318.82,1326.18,301984200.0
2014-04-04,1323.41,1347.05,1316.95,1346.74,277035600.0
2014-04-08,1335.39,1351.83,1327.8,1351.18,379437000.0
2014-04-09,1355.37,1376.69,1355.37,1370.46,408873100.0
2014-04-10,1374.61,1395.04,1374.61,1381.14,470838200.0
2014-04-11,1370.4,1370.4,1352.13,1363.9,351093700.0
2014-04-14,1367.75,1378.32,1367.75,1372.73,335038400.0
2014-04-15,1375.69,1380.86,1367.23,1369.89,335885900.0
2014-04-16,1365.83,1367.91,1353.78,1359.3,260178400.0
2014-04-17,1360.75,1373.85,1360.75,1367.59,283463100.0
2014-04-18,1365.36,1377.84,1362.61,1377.42,305255700.0
2014-04-21,1367.93,1384.69,1363.01,1363.85,352436500.0
2014-04-22,1361.58,1367.63,1317.1,1336.19,366713000.0
2014-04-23,1332.93,1338.67,1318.23,1324.82,279761600.0
2014-04-24,1325.86,1326.96,1303.23,1319.51,318070100.0
2014-04-25,1316.37,1318.07,1290.36,1291.9,284997900.0
2014-04-28,1283.64,1283.87,1256.12,1257.26,328809200.0
2014-04-29,1253.24,1274.21,1248.32,1266.54,270252500.0
2014-04-30,1266.34,1287.77,1266.34,1283.21,272992000.0
2014-05-05,1281.16,1302.68,1279.31,1302.15,265056400.0
2014-05-06,1301.59,1327.8,1301.59,1316.86,342617700.0
2014-05-07,1313.38,1313.38,1289.56,1290.03,302902600.0
2014-05-08,1284.44,1300.83,1279.29,1279.84,267758300.0
2014-05-09,1279.68,1282.82,1249.56,1258.58,301029300.0
2014-05-12,1263.92,1281.1,1250.94,1278.28,319673200.0
2014-05-13,1274.57,1293.82,1273.33,1276.24,315261400.0
2014-05-14,1273.21,1282.34,1269.24,1278.66,260291700.0
2014-05-15,1276.64,1283.43,1253.62,1253.88,335568000.0
2014-05-16,1250.38,1252.39,1210.81,1226.47,347492600.0
2014-05-19,1224.65,1233.84,1213.99,1228.37,267908800.0
2014-05-20,1239.65,1261.94,1239.65,1244.65,344295200.0
2014-05-21,1241.02,1257.8,1231.86,1257.8,285974600.0
2014-05-22,1259.87,1287.87,1259.87,1269.51,437013000.0
2014-05-23,1269.18,1296.83,1262.1,1296.0,464311000.0
2014-05-26,1301.86,1323.84,1301.86,1320.76,602538100.0
2014-05-27,1319.66,1319.66,1303.15,1306.28,455105300.0
2014-05-28,1306.29,1339.03,1306.29,1338.97,617872100.0
2014-05-29,1338.3,1341.57,1312.42,1314.21,499724400.0
2014-05-30,1312.3,1323.59,1300.09,1318.13,454210100.0
2014-06-03,1317.99,1332.78,1317.99,1319.62,473111800.0
2014-06-04,1318.33,1321.72,1303.36,1321.72,519090000.0
2014-06-05,1320.14,1356.53,1317.53,1355.48,699663700.0
2014-06-06,1354.91,1362.98,1340.83,1350.45,639192500.0
2014-06-09,1348.77,1349.92,1326.63,1326.68,507600800.0
2014-06-10,1327.1,1356.97,1316.84,1353.87,625818400.0
2014-06-11,1350.38,1371.25,1348.4,1367.39,638604700.0
2014-06-12,1364.41,1375.97,1358.08,1363.74,625262100.0
2014-06-13,1361.09,1386.35,1359.65,1382.73,678566900.0
2014-06-16,1384.16,1397.63,1384.16,1395.61,708725000.0
2014-06-17,1396.38,1396.38,1377.4,1377.43,615589200.0
2014-06-18,1377.58,1384.87,1363.75,1363.99,536921100.0
2014-06-19,1363.45,1370.31,1310.49,1320.66,616926300.0
2014-06-20,1319.11,1335.65,1313.14,1333.98,430684600.0
2014-06-23,1335.18,1366.59,1335.18,1361.28,518103300.0
2014-06-24,1360.08,1372.16,1359.13,1369.44,498433400.0
2014-06-25,1368.66,1368.66,1347.82,1358.71,469108400.0
2014-06-26,1360.2,1391.3,1360.2,1386.27,621507200.0
2014-06-27,1388.38,1397.96,1382.07,1388.81,633296400.0
2014-06-30,1388.47,1404.71,1374.3,1404.71,694985300.0
2014-07-01,1405.44,1415.33,1398.15,1411.74,671744600.0
2014-07-02,1413.17,1425.3,1402.22,1419.94,686849100.0
2014-07-03,1419.81,1428.67,1412.16,1422.6,850008300.0
2014-07-04,1421.68,1423.89,1406.21,1411.64,731697100.0
2014-07-07,1411.99,1411.99,1381.94,1393.89,708442100.0
2014-07-08,1392.35,1410.72,1379.49,1410.72,701632600.0
2014-07-09,1410.39,1418.68,1384.26,1384.58,807007800.0
2014-07-10,1384.45,1387.89,1362.35,1363.88,664783200.0
2014-07-11,1361.57,1372.12,1351.77,1359.34,597501500.0
2014-07-14,1358.17,1367.82,1342.56,1367.07,685012700.0
2014-07-15,1364.08,1366.16,1332.87,1341.27,687963400.0
2014-07-16,1338.92,1344.36,1310.86,1318.61,636569300.0
2014-07-17,1315.09,1323.24,1304.58,1312.81,465598900.0
2014-07-18,1309.96,1321.93,1300.76,1305.92,425822800.0
2014-07-21,1304.72,1313.56,1287.23,1306.96,475145400.0
2014-07-22,1306.32,1330.29,1305.03,1329.35,522161100.0
2014-07-23,1330.14,1332.36,1287.64,1293.09,576422800.0
2014-07-24,1291.48,1291.48,1255.69,1271.88,583696900.0
2014-07-25,1271.43,1288.67,1270.36,1285.77,425407800.0
2014-07-28,1289.1,1316.04,1286.66,1314.53,563857000.0
2014-07-29,1315.75,1337.53,1310.84,1331.76,607913900.0
2014-07-30,1330.19,1345.35,1329.07,1342.74,564818200.0
2014-07-31,1342.73,1346.22,1334.26,1344.54,511141600.0
2014-08-01,1339.98,1343.58,1324.19,1325.94,582799900.0
2014-08-04,1325.01,1331.8,1324.26,1329.82,445059100.0
2014-08-05,1330.32,1363.12,1321.2,1360.69,818787800.0
2014-08-06,1357.53,1368.53,1353.95,1365.74,629738800.0
2014-08-07,1365.18,1381.46,1361.33,1362.03,631217200.0
2014-08-08,1368.06,1381.44,1368.06,1377.44,563466500.0
2014-08-11,1379.47,1397.97,1379.47,1397.78,664496400.0
2014-08-12,1398.15,1402.75,1393.11,1396.44,621193700.0
2014-08-13,1396.26,1397.1,1370.08,1384.31,649626000.0
2014-08-14,1384.72,1394.52,1378.95,1380.3,604657100.0
2014-08-15,1382.87,1392.49,1377.93,1392.45,624526800.0
2014-08-18,1394.64,1429.0,1394.64,1428.74,878972800.0
2014-08-19,1436.42,1446.79,1427.06,1436.4,943267600.0
2014-08-20,1438.29,1438.29,1421.92,1427.4,690049600.0
2014-08-21,1428.63,1447.91,1421.24,1447.88,790864000.0
2014-08-22,1450.1,1465.67,1446.04,1461.72,860614400.0
2014-08-25,1461.21,1461.49,1439.85,1443.81,798373800.0
2014-08-26,1440.7,1443.6,1406.34,1411.15,677748900.0
2014-08-27,1411.76,1427.31,1411.76,1420.54,529596100.0
2014-08-28,1423.34,1424.29,1398.56,1403.8,533934800.0
2014-08-29,1400.84,1424.47,1400.83,1424.47,429131900.0
2014-09-01,1428.36,1453.12,1427.93,1452.84,600888600.0
2014-09-02,1457.51,1465.04,1452.71,1465.03,789448900.0
2014-09-03,1468.09,1479.83,1461.23,1477.67,903742000.0
2014-09-04,1478.33,1495.81,1472.89,1495.51,903336100.0
2014-09-05,1497.99,1498.26,1482.04,1489.83,775855100.0
2014-09-09,1492.44,1497.42,1479.06,1494.02,760818200.0
2014-09-10,1491.41,1506.47,1484.71,1504.91,724151400.0
2014-09-11,1506.0,1532.31,1502.39,1513.01,993364200.0
2014-09-12,1512.4,1524.32,1506.88,1524.12,780521800.0
2014-09-15,1522.57,1528.57,1517.3,1526.14,875535800.0
2014-09-16,1527.06,1529.4,1471.61,1473.13,1028152700.0
2014-09-17,1473.52,1481.06,1456.5,1479.12,637539600.0
2014-09-18,1477.31,1492.61,1474.65,1490.79,577597700.0
2014-09-19,1492.1,1501.39,1486.28,1499.12,573903200.0
2014-09-22,1496.96,1496.96,1480.18,1483.35,654780800.0
2014-09-23,1485.51,1502.04,1483.04,1500.99,586736300.0
2014-09-24,1501.04,1517.42,1497.89,1517.42,728482200.0
2014-09-25,1520.1,1523.25,1505.65,1508.42,839569200.0
2014-09-26,1506.31,1512.8,1502.5,1511.36,658988000.0
2014-09-29,1515.38,1526.36,1515.38,1526.18,732054500.0
2014-09-30,1527.26,1540.95,1527.26,1540.87,668556000.0
2014-10-08,1543.59,1557.57,1537.01,1557.57,745725900.0
2014-10-09,1562.1,1569.06,1541.67,1561.17,874494000.0
2014-10-10,1559.93,1563.87,1546.22,1554.22,803767000.0
2014-10-13,1548.18,1548.88,1527.7,1548.33,750136800.0
2014-10-14,1546.67,1560.06,1532.44,1539.12,718951000.0
2014-10-15,1539.35,1545.75,1527.19,1545.62,651067000.0
2014-10-16,1539.86,1551.84,1526.54,1526.56,699989900.0
2014-10-17,1527.46,1529.55,1488.47,1511.05,658007900.0
2014-10-20,1513.42,1532.38,1513.42,1532.38,494938700.0
2014-10-21,1535.07,1537.67,1515.93,1517.48,589689300.0
2014-10-22,1518.8,1524.8,1503.82,1504.55,552624400.0
2014-10-23,1500.55,1501.72,1474.04,1477.84,549928600.0
2014-10-24,1478.34,1493.53,1473.06,1477.59,416169400.0
2014-10-27,1473.66,1492.01,1465.96,1492.01,532522400.0
2014-10-28,1495.69,1522.05,1495.69,1522.05,639738600.0
2014-10-29,1525.98,1535.8,1524.08,1530.08,739521500.0
2014-10-30,1532.91,1539.21,1522.64,1525.77,637216500.0
2014-10-31,1527.6,1529.55,1502.24,1513.27,705558400.0
2014-11-03,1513.25,1529.9,1513.2,1529.89,596847500.0
2014-11-04,1531.82,1538.18,1514.46,1516.4,634171000.0
2014-11-05,1514.77,1517.02,1505.98,1512.49,550905800.0
2014-11-06,1513.72,1532.87,1510.78,1532.52,579330900.0
2014-11-07,1535.49,1543.72,1517.29,1522.62,768774200.0
2014-11-10,1525.2,1526.38,1506.8,1514.82,610576000.0
2014-11-11,1513.53,1514.37,1452.03,1461.51,782225800.0
2014-11-12,1457.24,1476.03,1455.09,1475.75,465755600.0
2014-11-13,1473.74,1473.74,1434.27,1442.86,661101000.0
2014-11-14,1438.97,1449.1,1435.5,1441.21,442486600.0
2014-11-17,1444.06,1474.36,1437.99,1471.69,520673000.0
2014-11-18,1471.08,1483.14,1470.51,1481.86,517442200.0
2014-11-19,1488.46,1509.73,1488.46,1505.55,596234100.0
2014-11-20,1504.58,1504.58,1491.65,1494.59,589662600.0
2014-11-21,1493.16,1508.22,1493.16,1504.83,537833500.0
2014-11-24,1513.43,1515.84,1497.85,1507.81,676005500.0
2014-11-25,1510.62,1541.92,1510.25,1541.92,804775700.0
2014-11-26,1544.69,1561.3,1544.1,1554.22,797708300.0
2014-11-27,1557.77,1566.83,1548.29,1563.41,792371100.0
2014-11-28,1562.83,1582.48,1558.31,1570.85,955724000.0
2014-12-01,1569.65,1569.65,1544.18,1552.31,888777700.0
2014-12-02,1554.46,1567.54,1552.13,1565.42,812599100.0
2014-12-03,1568.47,1604.88,1540.42,1604.45,1336336300.0
2014-12-04,1604.89,1631.31,1604.89,1621.84,1181810000.0
2014-12-05,1626.12,1626.12,1544.46,1581.91,1245316400.0
2014-12-08,1575.3,1600.86,1554.79,1567.16,1190537700.0
2014-12-09,1557.02,1577.75,1504.23,1504.62,1343729100.0
2014-12-10,1499.33,1576.89,1499.33,1572.69,1164501500.0
2014-12-11,1572.6,1593.38,1563.31,1587.67,1080821200.0
2014-12-12,1588.24,1626.34,1586.75,1623.57,1025023800.0
2014-12-15,1623.6,1664.26,1619.7,1657.5,1002989000.0
2014-12-16,1665.3,1674.98,1636.18,1649.58,902521800.0
2014-12-17,1639.15,1652.97,1623.7,1644.21,889766900.0
2014-12-18,1641.58,1663.67,1633.26,1634.05,789048900.0
2014-12-19,1627.8,1627.8,1568.98,1596.81,845184600.0
2014-12-22,1583.95,1583.95,1510.05,1517.93,913962600.0
2014-12-23,1501.53,1543.35,1489.12,1496.53,737496000.0
2014-12-24,1502.67,1524.27,1501.23,1519.8,590852200.0
2014-12-25,1521.99,1531.64,1514.23,1529.47,597262200.0
2014-12-26,1531.2,1539.16,1524.01,1536.08,602436700.0
2014-12-29,1531.12,1531.12,1491.21,1499.4,841627900.0
2014-12-30,1491.1,1493.44,1450.05,1460.11,763285900.0
2014-12-31,1455.68,1479.86,1451.29,1471.76,627856300.0
2015-01-05,1470.58,1470.58,1429.08,1464.77,804880900.0
2015-01-06,1458.57,1542.15,1454.14,1539.83,1100241000.0
2015-01-07,1542.4,1547.25,1517.37,1523.39,851106500.0
2015-01-08,1516.83,1565.77,1516.83,1541.89,847205000.0
2015-01-09,1535.33,1583.75,1534.61,1553.24,920011000.0
2015-01-12,1552.05,1587.18,1550.62,1586.12,778830700.0
2015-01-13,1587.69,1611.12,1578.4,1601.17,848257300.0
2015-01-14,1598.72,1605.16,1579.55,1588.01,679730700.0
2015-01-15,1584.68,1606.56,1578.22,1586.33,641398100.0
2015-01-16,1586.71,1641.53,1586.64,1639.56,800135600.0
2015-01-19,1608.25,1691.14,1599.66,1630.06,1143405900.0
2015-01-20,1635.57,1700.94,1635.57,1700.85,1165117200.0
2015-01-21,1704.1,1729.84,1701.87,1722.58,1365785700.0
2015-01-22,1723.24,1744.08,1716.39,1744.04,1174156200.0
2015-01-23,1742.09,1742.09,1693.52,1697.29,1010230900.0
2015-01-26,1698.98,1740.37,1698.98,1739.79,885979600.0
2015-01-27,1742.46,1754.21,1715.53,1743.68,948571500.0
2015-01-28,1741.07,1759.0,1727.92,1731.41,900507800.0
2015-01-29,1717.4,1733.63,1709.36,1711.37,704447500.0
2015-01-30,1712.85,1721.14,1679.69,1680.58,754211000.0
2015-02-02,1667.12,1708.71,1660.05,1696.83,705152500.0
2015-02-03,1703.93,1762.73,1703.93,1750.91,1030998400.0
2015-02-04,1753.77,1770.2,1743.02,1757.74,985442400.0
2015-02-05,1757.23,1809.72,1741.96,1774.31,1280303000.0
2015-02-06,1772.35,1783.62,1725.64,1730.97,961432400.0
2015-02-09,1727.22,1753.5,1702.56,1708.84,749294100.0
2015-02-10,1707.26,1747.86,1700.88,1747.68,618887200.0
2015-02-11,1748.23,1783.24,1748.23,1772.84,744250400.0
2015-02-12,1777.22,1799.45,1776.35,1788.81,829570100.0
2015-02-13,1798.54,1828.23,1796.41,1825.49,968709200.0
2015-02-16,1836.71,1897.66,1836.71,1896.63,1208408300.0
2015-02-17,1908.18,1909.91,1873.17,1894.31,933269500.0
2015-02-25,1899.39,1909.65,1872.1,1876.74,1107689400.0
2015-02-26,1875.33,1891.78,1847.73,1880.39,1021613300.0
2015-02-27,1880.63,1928.04,1880.63,1928.04,1159139800.0
2015-03-02,1944.11,1987.8,1940.32,1986.99,1574046700.0
2015-03-03,1987.33,2004.03,1961.01,1961.74,1607366700.0
2015-03-04,1960.54,2011.08,1960.54,2009.83,1363917700.0
2015-03-05,2015.7,2032.22,1997.46,2014.79,1372928000.0
2015-03-06,2016.81,2018.18,1949.29,1951.4,1168090000.0
2015-03-09,1941.42,1996.9,1932.82,1994.39,992417700.0
2015-03-10,2001.19,2048.3,2001.19,2045.32,1151356200.0
2015-03-11,2050.76,2054.77,2022.32,2035.83,1212104900.0
2015-03-12,2034.62,2054.39,1984.91,2018.13,1255415200.0
2015-03-13,2020.66,2070.95,2011.17,2069.07,1145413900.0
2015-03-16,2088.2,2144.78,2088.2,2142.67,1560905100.0
2015-03-17,2149.37,2164.49,2117.78,2137.46,1548866900.0
2015-03-18,2138.37,2186.02,2124.98,2182.92,1461534700.0
2015-03-19,2184.76,2192.55,2160.99,2183.88,1317326100.0
2015-03-20,2187.47,2232.08,2187.01,2213.77,1497005000.0
2015-03-23,2225.85,2293.92,2221.71,2293.65,1606327800.0
2015-03-24,2310.51,2363.05,2253.2,2357.97,1979513300.0
2015-03-25,2364.94,2405.56,2344.11,2385.01,1710589500.0
2015-03-26,2362.45,2370.29,2270.79,2291.79,1692000100.0
2015-03-27,2274.677,2326.4179999999997,2326.4179999999997,2323.819,1211139943.0
2015-03-30,2319.31,2332.6,2266.85,2290.48,1219659300.0
2015-03-31,2294.32,2358.21,2288.31,2335.17,1286625700.0
2015-04-01,2347.0,2407.49,2345.75,2404.91,1290399100.0
2015-04-02,2434.76,2475.32,2420.19,2475.32,1556280400.0
2015-04-03,2469.85,2515.57,2460.94,2510.16,1490987700.0
2015-04-07,2530.07,2557.87,2522.26,2556.7,1498017700.0
2015-04-08,2566.94,2568.09,2442.82,2488.16,1688103900.0
2015-04-09,2481.69,2501.3,2346.89,2496.49,1643560900.0
2015-04-10,2475.55,2567.68,2457.82,2552.83,1379220600.0
2015-04-13,2558.19,2596.92,2545.26,2577.78,1541581800.0
2015-04-14,2584.59,2593.7,2539.94,2558.85,1465323000.0
2015-04-15,2548.99,2548.99,2441.74,2441.74,1427599800.0
2015-04-16,2420.93,2532.3,2407.85,2484.33,1255689000.0
2015-04-17,2507.47,2511.98,2453.28,2463.99,1395036100.0
2015-04-20,2462.41,2493.2,2411.34,2424.85,1408549800.0
2015-04-21,2443.12,2566.09,2443.12,2566.09,1337088400.0
2015-04-22,2610.74,2655.37,2610.74,2634.93,1561809100.0
2015-04-23,2656.18,2718.26,2656.18,2706.19,1568952000.0
2015-04-24,2689.91,2747.62,2672.2,2734.75,1468057300.0
2015-04-27,2781.6,2806.75,2737.15,2747.5,1364203600.0
2015-04-28,2764.41,2779.2,2650.43,2687.97,1441659700.0
2015-04-29,2693.48,2798.51,2674.76,2797.52,1389063500.0
2015-04-30,2825.16,2918.75,2825.16,2857.89,1526724200.0
2015-05-04,2868.1,2884.44,2803.82,2845.25,1321488000.0
2015-05-05,2830.79,2845.71,2753.87,2783.44,1194258200.0
2015-05-06,2806.3,2927.03,2806.3,2846.56,1480644000.0
2015-05-07,2824.82,2879.68,2801.47,2806.05,1237165000.0
2015-05-08,2838.97,2974.37,2838.97,2973.6,1693109700.0
2015-05-11,3015.43,3150.49,2991.33,3146.83,2111185900.0
2015-05-12,3176.54,3254.99,3133.96,3250.3,2071803900.0
2015-05-13,3185.34,3271.18,3123.92,3192.15,1955548300.0
2015-05-14,3174.45,3228.03,3137.27,3141.59,1821477800.0
2015-05-15,3109.11,3176.11,3059.86,3145.33,1627874200.0
2015-05-18,3178.37,3286.41,3178.37,3278.48,1657955900.0
2015-05-19,3310.09,3340.42,3206.78,3322.77,1648461200.0
2015-05-20,3339.17,3471.95,3339.17,3406.28,1848362500.0
2015-05-21,3421.61,3531.84,3421.45,3527.41,1798673600.0
2015-05-22,3594.59,3618.24,3438.57,3516.63,2295786900.0
2015-05-25,3415.67,3499.53,3370.84,3467.92,1774719100.0
2015-05-26,3471.79,3619.49,3471.79,3618.23,1879669500.0
2015-05-27,3638.21,3662.98,3546.58,3628.67,1993355400.0
2015-05-28,3618.34,3677.32,3432.98,3432.98,2043958200.0
2015-05-29,3444.06,3595.17,3328.46,3542.84,1736877600.0
2015-06-01,3580.08,3722.86,3580.08,3718.75,1568681200.0
2015-06-02,3757.1,3912.48,3756.09,3901.54,1843613100.0
2015-06-03,3949.28,4011.04,3838.22,3982.25,1910306300.0
2015-06-04,3991.8,4015.2,3695.83,3943.47,1821564300.0
2015-06-05,3994.44,4037.96,3841.42,3885.83,1812473700.0
2015-06-08,3862.8,3862.8,3643.03,3704.55,1787265600.0
2015-06-09,3664.37,3793.36,3633.72,3705.54,1625106200.0
2015-06-10,3695.06,3876.85,3676.76,3834.7,1757107800.0
2015-06-11,3843.98,3884.37,3815.06,3862.14,1780753700.0
2015-06-12,3889.16,3922.7,3850.59,3899.71,1799034600.0
2015-06-15,3919.36,3919.36,3688.89,3696.03,1891853300.0
2015-06-16,3636.79,3669.82,3475.35,3590.67,1843327800.0
2015-06-17,3586.37,3754.37,3511.11,3741.36,1701769200.0
2015-06-18,3734.91,3752.18,3497.73,3504.55,1582025500.0
2015-06-19,3408.53,3476.03,3304.65,3314.98,1604885900.0
2015-06-23,3314.89,3397.27,3154.6,3393.94,1633255500.0
2015-06-24,3425.57,3459.46,3304.67,3383.4,1583117700.0
2015-06-25,3403.63,3408.23,3172.37,3206.38,1538674300.0
2015-06-26,3078.4,3078.4,2915.94,2920.7,1460215700.0
2015-06-29,2943.5,2950.13,2663.44,2689.76,1698721300.0
2015-06-30,2566.02,2875.09,2485.46,2858.61,2393574300.0
2015-07-01,2842.17,3008.19,2743.61,2759.41,2309056900.0
2015-07-02,2756.25,2825.15,2591.05,2649.32,2040523200.0
2015-07-03,2559.02,2788.76,2458.28,2605.28,2230035700.0
2015-07-06,2795.67,2795.67,2417.56,2493.83,2367180600.0
2015-07-07,2398.1,2415.68,2350.97,2352.01,989190300.0
2015-07-08,2304.76,2364.08,2304.76,2364.05,1582831000.0
2015-07-09,2338.11,2435.75,2338.11,2435.75,934904200.0
2015-07-10,2487.39,2535.89,2478.86,2535.89,695786500.0
2015-07-13,2612.77,2683.07,2592.2,2683.07,1116585000.0
2015-07-14,2725.04,2827.55,2715.98,2726.05,1553456000.0
2015-07-15,2750.66,2750.66,2583.46,2590.03,2218824000.0
2015-07-16,2526.65,2698.16,2439.24,2627.08,2189514100.0
2015-07-17,2651.44,2805.8,2646.5,2783.32,2035392700.0
2015-07-20,2820.72,2907.15,2777.91,2848.3,2497331900.0
2015-07-21,2802.02,2917.41,2779.53,2882.9,2057632700.0
2015-07-22,2882.06,2932.06,2828.45,2897.37,2111686300.0
2015-07-23,2896.25,2969.35,2864.43,2967.95,2045325100.0
2015-07-24,2976.94,3014.18,2879.26,2897.82,2268588100.0
2015-07-27,2822.37,2924.08,2683.05,2683.45,2306291600.0
2015-07-28,2546.41,2705.18,2492.19,2581.96,2548658200.0
2015-07-29,2617.94,2693.99,2483.92,2693.86,2302801000.0
2015-07-30,2671.46,2707.76,2556.09,2561.19,2010776600.0
2015-07-31,2507.26,2605.34,2499.25,2539.84,1671234600.0
2015-08-03,2475.33,2494.8,2371.48,2399.27,1849905300.0
2015-08-04,2396.41,2546.16,2380.28,2546.16,1757791300.0
2015-08-05,2542.27,2584.19,2480.45,2502.04,1824542800.0
2015-08-06,2441.96,2517.99,2430.53,2480.93,1214261300.0
2015-08-07,2509.96,2586.53,2505.27,2576.99,1555336900.0
2015-08-10,2606.74,2726.9,2593.41,2706.72,1823954400.0
2015-08-11,2705.04,2747.83,2675.15,2698.91,1802676900.0
2015-08-12,2658.84,2700.4,2622.19,2622.19,1386448600.0
2015-08-13,2608.74,2684.26,2578.91,2684.26,1361673700.0
2015-08-14,2713.78,2725.47,2664.42,2674.02,1508706800.0
2015-08-17,2665.37,2676.72,2613.78,2666.29,1348868600.0
2015-08-18,2674.42,2720.57,2488.61,2504.17,1915977200.0
2015-08-19,2427.94,2584.36,2359.17,2570.69,1676219500.0
2015-08-20,2556.77,2610.9,2508.35,2508.82,1499696400.0
2015-08-21,2452.61,2480.68,2340.92,2341.95,1314084400.0
2015-08-24,2222.54,2246.55,2152.61,2152.61,972553300.0
2015-08-25,1996.04,2048.03,1987.12,1990.71,1205075700.0
2015-08-26,1975.92,2044.66,1875.03,1890.04,1933968200.0
2015-08-27,1924.78,1959.98,1843.19,1959.49,1790496000.0
2015-08-28,1990.34,2086.87,1960.39,2082.12,1904712400.0
2015-08-31,2056.29,2058.85,1987.58,1996.86,1447651700.0
2015-09-01,1959.45,1959.45,1877.36,1889.49,1409304800.0
2015-09-02,1787.71,1953.91,1779.18,1855.03,1725935900.0
2015-09-07,1882.86,1953.4,1878.26,1893.52,1656899600.0
2015-09-08,1875.67,2004.81,1859.2,2001.16,1581393100.0
2015-09-09,2023.31,2102.23,2017.1,2071.72,2202687200.0
2015-09-10,2030.03,2078.42,2024.89,2039.12,1439233200.0
2015-09-11,2039.01,2084.05,2029.81,2060.5,1253267900.0
2015-09-14,2068.2,2075.67,1905.2,1906.21,1287479900.0
2015-09-15,1843.23,1892.81,1794.29,1797.56,1264282500.0
2015-09-16,1813.73,1928.78,1808.75,1926.24,1364923700.0
2015-09-17,1943.29,2020.55,1922.8,1933.3,1797404700.0
2015-09-18,1948.12,1995.5,1922.14,1983.3,1450181200.0
2015-09-21,1950.33,2080.22,1945.35,2079.06,1714350100.0
2015-09-22,2082.34,2108.56,2042.13,2078.72,1831234700.0
2015-09-23,2039.49,2103.22,2036.06,2077.99,1492260500.0
2015-09-24,2090.56,2130.47,2084.31,2106.59,1755347300.0
2015-09-25,2091.85,2106.95,2002.45,2020.97,1550778400.0
2015-09-28,2024.89,2124.06,2007.92,2122.26,1430887200.0
2015-09-29,2089.54,2135.51,2075.97,2098.57,1520418600.0
2015-09-30,2111.99,2124.29,2049.43,2082.67,1135163900.0
2015-10-08,2153.12,2210.03,2138.54,2190.31,1688110700.0
2015-10-09,2190.84,2230.03,2184.55,2216.66,1710782200.0
2015-10-12,2233.6,2344.21,2232.27,2316.78,2135582300.0
2015-10-13,2297.93,2351.52,2290.64,2342.04,1789628300.0
2015-10-14,2330.08,2350.59,2295.6,2305.0,1781133600.0
2015-10-15,2300.62,2406.21,2296.79,2404.53,2100279900.0
2015-10-16,2424.62,2452.94,2401.09,2449.03,2212893400.0
2015-10-19,2465.11,2466.48,2398.34,2433.6,2014779300.0
2015-10-20,2430.18,2520.08,2427.78,2511.16,2109537400.0
2015-10-21,2504.78,2527.77,2335.66,2344.74,2652603900.0
2015-10-22,2355.16,2465.1,2355.16,2458.14,2209272700.0
2015-10-23,2488.31,2549.76,2461.49,2538.38,2526948800.0
2015-10-26,2570.13,2570.13,2481.59,2527.48,2466063900.0
2015-10-27,2497.16,2586.95,2423.6,2563.96,2093616600.0
2015-10-28,2551.7,2583.82,2473.47,2485.24,1901205100.0
2015-10-29,2504.85,2528.7,2436.78,2485.28,1405144400.0
2015-10-30,2475.23,2534.47,2439.16,2478.28,1740871400.0
2015-11-02,2416.1,2513.32,2408.78,2432.04,1584004100.0
2015-11-03,2444.05,2461.33,2407.55,2429.27,1364659600.0
2015-11-04,2451.23,2584.32,2451.23,2584.32,2282796500.0
2015-11-05,2587.82,2630.83,2542.85,2564.72,2580920700.0
2015-11-06,2571.66,2666.4,2571.66,2661.41,2414936900.0
2015-11-09,2653.31,2747.79,2612.26,2724.62,2579844800.0
2015-11-10,2710.9,2783.12,2700.29,2746.61,2416119000.0
2015-11-11,2738.58,2806.54,2730.52,2804.68,2765509700.0
2015-11-12,2818.57,2827.71,2743.26,2783.3,2831093900.0
2015-11-13,2751.39,2772.81,2681.61,2710.16,2500114600.0
2015-11-16,2656.57,2797.16,2654.64,2797.16,2097444400.0
2015-11-17,2834.98,2847.9,2711.58,2717.05,2811973800.0
2015-11-18,2727.61,2741.33,2655.06,2661.17,1964636500.0
2015-11-19,2678.35,2770.75,2676.75,2770.75,2256393700.0
2015-11-20,2783.04,2817.96,2757.84,2800.15,2888869600.0
2015-11-23,2797.12,2839.84,2759.31,2770.58,2583966800.0
2015-11-24,2767.72,2816.05,2739.52,2816.05,1946726400.0
2015-11-25,2813.51,2906.8,2806.82,2897.57,2470587800.0
2015-11-26,2911.85,2915.95,2831.38,2833.2,2375948300.0
2015-11-27,2819.36,2844.05,2629.12,2649.55,2440385100.0
2015-11-30,2658.97,2687.05,2507.38,2672.58,2220619500.0
2015-12-01,2669.3,2700.35,2621.17,2655.34,1710402100.0
2015-12-02,2653.24,2660.11,2525.34,2613.26,1590028500.0
2015-12-03,2622.49,2710.81,2622.49,2708.12,1706528200.0
2015-12-04,2702.56,2749.18,2679.35,2692.16,1784463300.0
2015-12-07,2699.34,2751.24,2687.02,2738.15,1642004600.0
2015-12-08,2723.62,2731.72,2678.66,2691.66,1870517100.0
2015-12-09,2677.59,2699.64,2650.45,2667.91,1615454500.0
2015-12-10,2665.27,2729.24,2663.37,2695.51,1632773300.0
2015-12-11,2686.3,2701.69,2666.89,2671.29,1364343200.0
2015-12-14,2642.82,2709.26,2622.47,2709.26,1338300600.0
2015-12-15,2718.25,2764.79,2718.25,2745.7,1445922000.0
2015-12-16,2760.26,2789.28,2749.79,2763.11,1508384800.0
2015-12-17,2784.97,2835.7,2784.97,2835.7,2005595900.0
2015-12-18,2836.92,2850.69,2801.64,2830.26,1782489400.0
2015-12-21,2825.31,2836.61,2800.35,2829.92,1493729300.0
2015-12-22,2836.96,2849.36,2811.61,2839.85,1313451700.0
2015-12-23,2845.43,2848.83,2779.93,2783.94,1624717600.0
2015-12-24,2775.98,2801.56,2735.97,2795.78,1324104100.0
2015-12-25,2807.51,2820.53,2777.46,2794.73,1216205800.0
2015-12-28,2809.52,2823.75,2735.49,2735.49,1549767600.0
2015-12-29,2732.55,2749.82,2710.2,2749.82,1276936900.0
2015-12-30,2758.25,2781.84,2749.29,2779.51,1351285500.0
2015-12-31,2780.54,2785.66,2713.69,2714.05,1295863100.0
2016-01-04,2706.27,2710.3,2490.47,2491.27,1224017400.0
2016-01-05,2353.23,2481.2,2333.61,2416.73,1828933000.0
2016-01-06,2433.36,2472.19,2388.69,2468.37,1419445900.0
2016-01-07,2415.33,2415.33,2254.5,2256.52,387552500.0
2016-01-08,2297.59,2318.12,2142.33,2248.99,1650229300.0
2016-01-11,2188.19,2230.42,2105.77,2106.36,1520892600.0
2016-01-12,2117.25,2179.09,2087.27,2147.53,1439659600.0
2016-01-13,2160.32,2174.23,2059.78,2059.78,1246536800.0
2016-01-14,1991.23,2179.38,1989.86,2175.01,1564866600.0
2016-01-15,2160.17,2184.56,2096.19,2112.9,1591029400.0
2016-01-18,2074.86,2206.83,2074.86,2174.93,1626762600.0
2016-01-19,2170.09,2244.78,2148.72,2241.7,1770032200.0
2016-01-20,2222.6,2249.35,2190.5,2204.65,1545118800.0
2016-01-21,2173.31,2241.47,2112.4,2112.4,1494520200.0
2016-01-22,2140.28,2161.24,2078.12,2149.59,1360989100.0
2016-01-25,2165.73,2185.21,2136.88,2158.82,1133417700.0
2016-01-26,2132.22,2135.56,1990.51,1994.05,1338570700.0
2016-01-27,1997.32,2012.3,1888.25,1997.46,1592652100.0
2016-01-28,1969.31,1990.92,1900.88,1906.46,1145420300.0
2016-01-29,1908.26,2011.06,1907.29,1994.06,1280987400.0
2016-02-01,1989.21,2011.68,1956.92,1992.69,1115608900.0
2016-02-02,1996.59,2089.21,1996.59,2075.29,1328764900.0
2016-02-03,2049.32,2105.38,2034.6,2090.51,1208984600.0
2016-02-04,2095.62,2142.87,2095.62,2126.64,1314300800.0
2016-02-05,2127.35,2141.56,2096.99,2096.99,906470200.0
2016-02-15,2029.56,2130.36,2029.56,2116.84,1010066700.0
2016-02-16,2128.06,2208.57,2128.06,2201.93,1391217100.0
2016-02-17,2197.93,2219.78,2171.0,2215.34,1461849700.0
2016-02-18,2230.8,2239.91,2188.19,2190.91,1401950000.0
2016-02-19,2186.01,2230.22,2182.96,2211.01,1340724100.0
2016-02-22,2235.17,2245.56,2216.16,2245.56,1509061400.0
2016-02-23,2245.75,2249.69,2189.53,2218.12,1392660900.0
2016-02-24,2212.59,2230.01,2154.27,2203.74,1288402100.0
2016-02-25,2198.93,2198.93,2030.42,2037.14,1529895500.0
2016-02-26,2045.51,2057.8,1980.17,2014.92,1236669300.0
2016-02-29,2000.57,2000.57,1866.25,1880.15,1324756800.0
2016-03-01,1881.32,1952.43,1841.22,1934.92,1345666100.0
2016-03-02,1930.84,2022.86,1925.02,2017.6,1694915400.0
2016-03-03,2014.18,2063.53,2006.71,2007.08,1680547300.0
2016-03-04,1994.06,2003.69,1895.4,1907.04,1522097500.0
2016-03-07,1935.09,1995.94,1935.09,1953.33,1162316000.0
2016-03-08,1944.65,2002.19,1865.65,2002.19,1562742100.0
2016-03-09,1962.28,2015.71,1947.05,1970.81,1330367200.0
2016-03-10,1968.77,1991.36,1935.12,1936.97,1050801800.0
2016-03-11,1911.32,1948.6,1903.92,1934.87,848765500.0
2016-03-14,1962.1,2048.5,1962.1,2023.13,1613440500.0
2016-03-15,2016.81,2034.7,1995.46,1996.92,1216705900.0
2016-03-16,2029.92,2039.49,1961.42,1977.54,1222045500.0
2016-03-17,1986.14,2089.14,1986.14,2087.29,2107413900.0
2016-03-18,2102.19,2194.35,2102.08,2177.87,2559683900.0
2016-03-21,2214.91,2234.35,2191.66,2227.03,2554099800.0
2016-03-22,2201.19,2248.19,2189.94,2221.7,2106000600.0
2016-03-23,2214.87,2259.11,2205.07,2259.11,1905279400.0
2016-03-24,2234.22,2277.92,2217.84,2219.77,2140092900.0
2016-03-25,2209.26,2232.07,2183.6,2216.09,1515400900.0
2016-03-28,2233.13,2259.13,2192.35,2199.69,1626047200.0
2016-03-29,2190.88,2194.89,2130.85,2152.55,1417051600.0
2016-03-30,2172.74,2248.78,2172.74,2248.78,1740597500.0
2016-03-31,2256.43,2271.96,2232.3,2238.29,1812497600.0
2016-04-01,2223.38,2227.0,2171.34,2205.37,1570124600.0
2016-04-05,2207.46,2285.2,2205.44,2279.52,1976493800.0
2016-04-06,2274.77,2305.41,2271.5,2297.04,2091203600.0
2016-04-07,2310.92,2316.63,2248.68,2248.68,2030234500.0
2016-04-08,2230.95,2239.8,2194.23,2229.93,1794697100.0
2016-04-11,2255.07,2301.41,2255.07,2283.14,1994662500.0
2016-04-12,2283.21,2289.54,2236.44,2264.02,1707821000.0
2016-04-13,2278.52,2330.05,2278.52,2294.01,2177663400.0
2016-04-14,2310.6,2325.38,2289.57,2324.39,1833497800.0
2016-04-15,2328.31,2328.31,2297.68,2309.68,1452697700.0
2016-04-18,2288.42,2288.42,2249.34,2265.59,1430977200.0
2016-04-19,2278.31,2289.05,2253.59,2272.52,1300432000.0
2016-04-20,2279.76,2284.1,2119.42,2145.24,2166703600.0
2016-04-21,2135.93,2160.26,2106.97,2110.16,1278406200.0
2016-04-22,2093.78,2136.92,2090.95,2136.92,1047191100.0
2016-04-25,2128.66,2130.06,2083.64,2126.83,955799000.0
2016-04-26,2123.87,2155.7,2119.38,2155.7,891151800.0
2016-04-27,2162.76,2176.33,2142.46,2146.61,1047919900.0
2016-04-28,2149.1,2158.49,2108.27,2155.23,1012327000.0
2016-04-29,2141.58,2162.19,2138.74,2138.74,802463900.0
2016-05-03,2138.96,2217.23,2126.87,2217.23,1455123100.0
2016-05-04,2210.13,2233.59,2206.26,2211.02,1367172200.0
2016-05-05,2208.4,2226.55,2198.76,2224.09,1080032800.0
2016-05-06,2226.44,2235.96,2129.19,2129.19,1605479300.0
2016-05-09,2107.33,2107.33,2045.12,2053.6,1223033000.0
2016-05-10,2051.38,2067.62,2044.28,2054.22,765873200.0
2016-05-11,2067.69,2073.83,2032.3,2034.93,938261700.0
2016-05-12,2006.26,2039.32,1975.06,2034.56,917754500.0
2016-05-13,2030.94,2058.66,2013.86,2025.22,830100000.0
2016-05-16,2017.84,2057.86,2008.54,2057.86,941572100.0
2016-05-17,2059.51,2107.73,2036.88,2081.44,1354044200.0
2016-05-18,2062.81,2062.81,2000.53,2020.47,1226813000.0
2016-05-19,2023.96,2076.48,2023.96,2037.4,1232346100.0
2016-05-20,2018.38,2065.3,2013.53,2065.3,1042485300.0
2016-05-23,2073.0,2107.05,2073.0,2098.23,1392826400.0
2016-05-24,2094.21,2094.21,2061.52,2075.51,1231860200.0
2016-05-25,2091.97,2111.26,2062.64,2067.25,1331004900.0
2016-05-26,2060.43,2086.49,2019.3,2086.01,1341596900.0
2016-05-27,2076.3,2090.17,2065.37,2069.89,1179569800.0
2016-05-30,2054.62,2083.83,2033.67,2058.52,1096037900.0
2016-05-31,2061.84,2160.53,2060.14,2159.8,2148508200.0
2016-06-01,2164.73,2188.88,2163.05,2168.82,2018949800.0
2016-06-02,2163.59,2188.56,2160.25,2188.56,1628382100.0
2016-06-03,2176.36,2236.58,2175.81,2204.97,2297370000.0
2016-06-06,2212.46,2219.27,2181.99,2199.3,1625623100.0
2016-06-07,2202.04,2204.18,2181.29,2196.73,1443206200.0
2016-06-08,2191.27,2201.53,2166.97,2186.54,1508347800.0
2016-06-13,2150.39,2165.28,2054.71,2054.71,1835465900.0
2016-06-14,2045.21,2070.15,2032.44,2058.31,1269121300.0
2016-06-15,2033.6,2143.45,2031.67,2128.8,1777776000.0
2016-06-16,2124.16,2137.18,2097.35,2101.42,1706778500.0
2016-06-17,2109.57,2154.52,2105.24,2122.89,1562791300.0
2016-06-20,2117.99,2127.68,2088.29,2119.63,1192462700.0
2016-06-21,2135.46,2153.23,2083.69,2092.0,1604806900.0
2016-06-22,2085.98,2144.82,2085.65,2144.82,1422217800.0
2016-06-23,2144.58,2153.58,2115.84,2137.49,1683701500.0
2016-06-24,2131.15,2157.94,2060.2,2127.36,1992267200.0
2016-06-27,2111.1,2194.13,2110.6,2191.81,2103092200.0
2016-06-28,2181.41,2221.46,2173.53,2216.71,2321599000.0
2016-06-29,2228.51,2238.35,2203.49,2209.79,1844387600.0
2016-06-30,2213.6,2233.28,2206.8,2227.79,1794150800.0
2016-07-01,2231.18,2241.63,2203.93,2211.18,1466838300.0
2016-07-04,2195.62,2254.15,2193.84,2248.71,1778463400.0
2016-07-05,2253.69,2259.29,2229.0,2246.02,1613917000.0
2016-07-06,2239.76,2246.73,2229.27,2241.56,1373840900.0
2016-07-07,2240.9,2247.58,2212.41,2233.92,1679598100.0
2016-07-08,2231.97,2257.32,2220.21,2239.0,1555736300.0
2016-07-11,2242.26,2252.66,2216.57,2218.59,1647780400.0
2016-07-12,2218.02,2247.35,2182.03,2247.35,1867128000.0
2016-07-13,2258.26,2299.86,2250.64,2285.37,2365517400.0
2016-07-14,2282.16,2295.59,2273.42,2293.08,2011319900.0
2016-07-15,2289.1,2293.08,2260.16,2263.78,1767091000.0
2016-07-18,2257.42,2268.79,2234.21,2249.87,1430780100.0
2016-07-19,2249.74,2273.72,2237.0,2273.72,1527934000.0
2016-07-20,2272.64,2288.65,2268.53,2268.53,1495557100.0
2016-07-21,2266.08,2289.67,2259.2,2265.13,1454703900.0
2016-07-22,2262.1,2269.55,2248.3,2250.0,1349845400.0
2016-07-25,2245.86,2264.44,2235.45,2245.89,1239838600.0
2016-07-26,2245.94,2279.55,2245.94,2279.55,1244783100.0
2016-07-27,2282.07,2284.28,2138.78,2155.39,2225514300.0
2016-07-28,2150.32,2166.6,2109.87,2139.74,1428127600.0
2016-07-29,2144.27,2147.19,2109.13,2122.41,1021749900.0
2016-08-01,2113.67,2118.09,2066.18,2099.18,1103056100.0
2016-08-02,2096.55,2114.95,2094.12,2113.21,755217500.0
2016-08-03,2110.23,2117.62,2096.73,2108.31,779922200.0
2016-08-04,2107.62,2133.18,2102.27,2129.65,910390500.0
2016-08-05,2128.74,2129.33,2107.44,2109.05,801803800.0
2016-08-08,2102.24,2130.59,2083.98,2130.59,836447000.0
2016-08-09,2128.64,2154.5,2128.22,2154.5,1030689700.0
2016-08-10,2155.39,2164.62,2136.83,2137.0,927397900.0
2016-08-11,2134.6,2139.2,2103.4,2103.4,855522000.0
2016-08-12,2098.77,2123.86,2097.91,2123.84,740859200.0
2016-08-15,2126.79,2200.92,2112.25,2193.21,1789944400.0
2016-08-16,2195.02,2211.01,2192.97,2201.1,1403146300.0
2016-08-17,2200.24,2218.29,2195.37,2208.2,1232214700.0
2016-08-18,2204.95,2213.3,2191.93,2201.59,1223095200.0
2016-08-19,2200.68,2211.06,2194.11,2204.56,1011020100.0
2016-08-22,2205.57,2213.41,2167.4,2167.4,1115770200.0
2016-08-23,2168.34,2186.74,2160.3,2174.16,888814100.0
2016-08-24,2178.53,2204.8,2176.35,2192.17,1193867100.0
2016-08-25,2179.01,2183.73,2152.11,2180.66,1236350000.0
2016-08-26,2186.0,2211.63,2182.11,2189.75,1232477000.0
2016-08-29,2187.72,2209.25,2183.81,2193.2,1061701600.0
2016-08-30,2197.49,2210.4,2193.07,2195.53,919577100.0
2016-08-31,2194.61,2198.25,2175.84,2191.76,895078800.0
2016-09-01,2192.94,2201.28,2181.33,2181.33,931026300.0
2016-09-02,2176.39,2187.69,2160.11,2170.86,1019471700.0
2016-09-05,2178.63,2199.65,2178.09,2182.69,878613000.0
2016-09-06,2183.23,2225.25,2161.93,2222.84,1299377500.0
2016-09-07,2223.02,2232.12,2208.83,2212.05,1209570900.0
2016-09-08,2211.39,2223.47,2207.11,2223.47,952619600.0
2016-09-09,2223.58,2228.54,2202.97,2202.97,1085227600.0
2016-09-12,2163.45,2179.98,2145.03,2145.56,1242936200.0
2016-09-13,2157.95,2165.58,2139.34,2145.87,844123800.0
2016-09-14,2137.4,2156.98,2131.71,2144.56,811833800.0
2016-09-19,2149.37,2174.4,2149.37,2165.21,712270300.0
2016-09-20,2164.42,2167.64,2153.94,2158.43,622638200.0
2016-09-21,2158.06,2170.08,2157.38,2162.13,683398600.0
2016-09-22,2174.3,2178.53,2166.61,2168.42,742583000.0
2016-09-23,2171.63,2173.49,2156.04,2156.51,713909600.0
2016-09-26,2154.4,2161.76,2122.9,2122.9,867056800.0
2016-09-27,2118.95,2140.8,2112.7,2140.8,727751400.0
2016-09-28,2143.72,2143.72,2132.55,2139.63,650929200.0
2016-09-29,2141.34,2155.42,2140.98,2146.18,628502100.0
2016-09-30,2144.47,2154.4,2143.34,2149.9,564039100.0
2016-10-10,2165.85,2208.47,2163.41,2208.47,1093779500.0
2016-10-11,2207.43,2210.86,2201.31,2210.86,880348700.0
2016-10-12,2202.36,2216.52,2198.89,2209.69,972840500.0
2016-10-13,2211.75,2216.09,2200.52,2208.57,911384600.0
2016-10-14,2203.87,2203.87,2178.91,2194.23,908053800.0
2016-10-17,2199.18,2200.47,2160.0,2167.86,953277400.0
2016-10-18,2164.6,2198.14,2164.6,2198.14,962896200.0
2016-10-19,2200.53,2201.16,2180.47,2184.91,962204500.0
2016-10-20,2187.41,2199.06,2184.35,2193.26,964450400.0
2016-10-21,2196.85,2202.49,2167.83,2181.0,1144698000.0
2016-10-24,2184.11,2204.36,2176.92,2200.8,1111674500.0
2016-10-25,2202.79,2207.81,2196.57,2200.21,956097900.0
2016-10-26,2203.48,2204.84,2179.76,2184.49,1138960500.0
2016-10-27,2182.91,2184.32,2171.24,2182.48,934135300.0
2016-10-28,2182.56,2192.9,2165.03,2165.43,1045118300.0
2016-10-31,2158.57,2162.67,2145.57,2159.76,900506000.0
2016-11-01,2160.39,2177.83,2159.71,2176.45,876477500.0
2016-11-02,2170.81,2171.66,2145.07,2146.4,1110939100.0
2016-11-03,2137.13,2167.93,2135.28,2153.18,1135857300.0
2016-11-04,2151.92,2168.34,2142.41,2145.23,1055794000.0
2016-11-07,2141.3,2145.82,2126.95,2130.3,929118200.0
2016-11-08,2138.45,2154.57,2136.25,2150.3,890870100.0
2016-11-09,2150.62,2154.85,2098.56,2123.84,1120803800.0
2016-11-10,2143.56,2149.09,2138.94,2143.32,900555800.0
2016-11-11,2143.58,2147.11,2125.49,2147.11,1234007100.0
2016-11-14,2146.83,2175.25,2146.83,2161.69,1382394000.0
2016-11-15,2161.57,2179.3,2152.38,2179.3,1359122900.0
2016-11-16,2187.5,2208.98,2182.12,2182.47,1570486700.0
2016-11-17,2176.12,2176.12,2157.54,2163.04,934491000.0
2016-11-18,2164.71,2170.79,2155.23,2157.96,775654200.0
2016-11-21,2156.46,2162.37,2147.05,2152.6,847531100.0
2016-11-22,2156.52,2177.65,2146.62,2177.65,1112546200.0
2016-11-23,2182.1,2191.26,2163.0,2165.71,1509667100.0
2016-11-24,2159.61,2172.18,2142.95,2146.63,1054900700.0
2016-11-25,2145.97,2167.53,2123.74,2167.53,1360857500.0
2016-11-28,2172.97,2175.51,2159.73,2166.04,1184643200.0
2016-11-29,2161.78,2178.19,2153.72,2160.35,1461753600.0
2016-11-30,2157.54,2201.55,2155.24,2183.05,1779166000.0
2016-12-01,2181.73,2188.09,2175.5,2181.93,1215610500.0
2016-12-02,2180.39,2186.69,2143.21,2143.45,1311915000.0
2016-12-05,2129.25,2162.3,2124.75,2143.88,1028294600.0
2016-12-06,2149.75,2156.69,2121.25,2122.26,973374500.0
2016-12-07,2123.55,2134.99,2116.54,2134.99,829418100.0
2016-12-08,2135.79,2136.26,2114.04,2114.71,925066400.0
2016-12-09,2114.45,2118.63,2097.09,2099.89,1018268500.0
2016-12-12,2095.58,2096.4,1981.17,1984.39,1613922100.0
2016-12-13,1982.08,1995.35,1961.91,1985.04,978401800.0
2016-12-14,1982.98,1988.46,1958.04,1963.08,841428800.0
2016-12-15,1957.71,1991.32,1956.55,1975.85,883540500.0
2016-12-16,1977.86,2005.28,1972.22,1998.11,773146800.0
2016-12-19,1995.0,1995.0,1976.77,1980.41,629146700.0
2016-12-20,1981.69,1989.99,1974.93,1982.3,593914100.0
2016-12-21,1987.76,1996.1,1985.05,1991.7,604319900.0
2016-12-22,1993.04,1993.04,1978.74,1986.27,582006400.0
2016-12-23,1987.73,1992.21,1964.23,1964.54,719515300.0
2016-12-26,1959.19,1974.01,1933.52,1974.01,770842700.0
2016-12-27,1972.51,1977.31,1968.57,1968.62,634784900.0
2016-12-28,1968.15,1971.51,1954.96,1957.15,600574900.0
2016-12-29,1956.72,1971.94,1955.62,1959.24,675993000.0
2016-12-30,1961.22,1964.7,1952.68,1962.06,725658500.0
2017-01-03,1965.04,1971.91,1959.14,1963.26,732799600.0
2017-01-04,1963.02,1992.76,1959.57,1991.57,996683900.0
2017-01-05,1990.7,1993.71,1983.84,1983.97,766451000.0
2017-01-06,1980.84,1982.4,1963.32,1965.03,796877200.0
2017-01-09,1962.2,1968.87,1951.49,1961.62,712730000.0
2017-01-10,1960.1,1967.47,1951.18,1951.68,631858200.0
2017-01-11,1947.42,1959.3,1932.46,1937.55,714099400.0
2017-01-12,1935.52,1946.59,1929.05,1930.14,674484300.0
2017-01-13,1930.11,1934.48,1899.11,1899.94,745872600.0
2017-01-16,1897.45,1897.82,1783.74,1830.85,1183223100.0
2017-01-17,1824.1,1875.8,1805.39,1867.87,1068536900.0
2017-01-18,1860.24,1862.83,1845.57,1845.79,712045900.0
2017-01-19,1842.66,1853.11,1833.5,1844.14,525977800.0
2017-01-20,1844.37,1892.36,1842.62,1880.75,989389000.0
2017-01-23,1879.97,1897.1,1879.71,1887.32,723584600.0
2017-01-24,1885.24,1885.95,1859.71,1861.22,757695800.0
2017-01-25,1857.32,1874.63,1856.22,1870.7,567293300.0
2017-01-26,1872.14,1887.67,1872.14,1886.23,610414700.0
2017-02-03,1886.97,1888.81,1872.7,1876.76,538417400.0
2017-02-06,1877.14,1903.33,1874.71,1900.45,658149300.0
2017-02-07,1897.87,1900.35,1881.73,1889.13,632910000.0
2017-02-08,1887.34,1903.63,1881.14,1903.63,738115500.0
2017-02-09,1903.67,1916.41,1901.88,1914.08,866823300.0
2017-02-10,1913.23,1915.43,1900.71,1904.68,829937300.0
2017-02-13,1902.46,1919.2,1894.15,1913.68,864365300.0
2017-02-14,1914.14,1918.79,1906.41,1909.4,743622900.0
2017-02-15,1911.04,1920.29,1890.09,1892.36,841610300.0
2017-02-16,1891.87,1900.97,1886.41,1897.63,681175900.0
2017-02-17,1896.7,1904.87,1881.0,1882.87,776293900.0
2017-02-20,1884.99,1894.96,1876.67,1894.96,722723300.0
2017-02-21,1896.86,1924.03,1895.43,1921.08,1033603800.0
2017-02-22,1921.55,1925.3,1909.12,1919.97,858211100.0
2017-02-23,1919.24,1925.95,1906.81,1925.95,923155800.0
2017-02-24,1925.1,1939.39,1921.3,1938.44,1046661900.0
2017-02-27,1937.56,1943.98,1923.53,1926.77,941853500.0
2017-02-28,1926.14,1931.82,1918.32,1927.16,782843100.0
2017-03-01,1925.7,1938.68,1923.75,1931.97,814456000.0
2017-03-02,1936.08,1937.9,1919.74,1920.4,785170200.0
2017-03-03,1916.2,1932.21,1908.32,1928.29,817311700.0
2017-03-06,1931.62,1962.77,1931.62,1962.77,1165806600.0
2017-03-07,1967.18,1977.85,1957.29,1977.85,1131884300.0
2017-03-08,1976.85,1976.85,1960.07,1964.63,932627600.0
2017-03-09,1962.64,1962.64,1948.79,1953.94,973805900.0
2017-03-10,1952.5,1957.71,1945.57,1950.01,784018100.0
2017-03-13,1948.52,1972.08,1939.03,1970.88,1001614900.0
2017-03-14,1967.47,1970.48,1952.1,1958.02,1085257300.0
2017-03-15,1951.71,1964.43,1943.61,1957.82,1010802700.0
2017-03-16,1959.05,1968.43,1959.05,1966.73,971705100.0
2017-03-17,1968.15,1981.69,1949.35,1949.66,1177127200.0
2017-03-20,1948.6,1953.82,1939.65,1953.82,868877200.0
2017-03-21,1953.56,1961.65,1948.89,1961.06,776056100.0
2017-03-22,1952.8,1959.71,1939.29,1948.58,955136200.0
2017-03-23,1951.87,1960.34,1930.44,1948.37,936195200.0
2017-03-24,1948.27,1966.42,1946.12,1965.14,901171500.0
2017-03-27,1964.62,1967.11,1947.53,1947.53,813726400.0
2017-03-28,1946.33,1953.24,1940.38,1944.36,689333400.0
2017-03-29,1945.14,1948.72,1926.6,1929.2,879245100.0
2017-03-30,1924.51,1926.53,1893.3,1893.7,1045132100.0
2017-03-31,1895.81,1908.53,1895.81,1907.34,748634400.0
2017-04-05,1914.91,1943.43,1914.91,1943.16,1114945600.0
2017-04-06,1947.09,1951.23,1939.37,1944.23,1060731700.0
2017-04-07,1942.11,1953.57,1939.32,1946.05,1253915400.0
2017-04-10,1940.3,1940.3,1911.11,1912.45,1434523200.0
2017-04-11,1907.1,1920.78,1887.89,1917.63,1496242200.0
2017-04-12,1913.78,1915.02,1896.85,1897.51,1135036700.0
2017-04-13,1896.49,1920.23,1896.49,1910.48,909602500.0
2017-04-14,1910.99,1910.99,1887.35,1887.46,980747000.0
2017-04-17,1880.77,1886.61,1862.36,1868.28,896846000.0
2017-04-18,1867.58,1878.1,1847.2,1848.2,895502400.0
2017-04-19,1841.6,1845.64,1812.39,1845.38,1104925300.0
2017-04-20,1843.97,1856.73,1836.44,1850.39,918991200.0
2017-04-21,1849.28,1863.58,1836.52,1839.01,809853700.0
2017-04-24,1832.82,1832.82,1796.36,1809.91,880170200.0
2017-04-25,1809.56,1829.26,1807.67,1818.87,849436600.0
2017-04-26,1812.86,1822.12,1811.04,1820.48,917656000.0
2017-04-27,1815.11,1847.93,1794.4,1842.92,1464403300.0
2017-04-28,1838.74,1856.4,1834.43,1850.73,1028837800.0
2017-05-02,1849.22,1855.34,1843.83,1850.85,895846500.0
2017-05-03,1848.71,1854.68,1832.56,1840.45,936809800.0
2017-05-04,1838.71,1858.56,1828.63,1838.1,1075447500.0
2017-05-05,1832.68,1839.65,1818.19,1818.19,944532900.0
2017-05-08,1814.1,1825.76,1788.71,1788.71,1055752100.0
2017-05-09,1780.52,1803.21,1770.59,1802.49,955677500.0
2017-05-10,1801.78,1815.83,1771.32,1771.32,1018782500.0
2017-05-11,1761.47,1772.47,1727.58,1772.41,1160635700.0
2017-05-12,1768.3,1774.9,1750.4,1774.63,902554800.0
2017-05-15,1778.18,1788.56,1776.01,1778.64,830869300.0
2017-05-16,1774.39,1814.94,1764.29,1814.94,1204928400.0
2017-05-17,1812.71,1833.87,1810.21,1822.64,1441005100.0
2017-05-18,1807.18,1827.78,1803.86,1813.51,1148276300.0
2017-05-19,1812.73,1815.81,1793.04,1801.08,867671400.0
2017-05-22,1798.56,1814.41,1779.47,1788.08,933107100.0
2017-05-23,1784.53,1790.11,1757.37,1758.23,1068020800.0
2017-05-24,1749.16,1776.44,1730.36,1776.28,967360400.0
2017-05-25,1770.65,1785.67,1745.23,1777.69,1132697600.0
2017-05-26,1769.12,1772.93,1754.77,1759.63,982324700.0
2017-05-31,1777.65,1783.15,1762.08,1763.73,1078203800.0
2017-06-01,1757.8,1757.89,1728.49,1728.49,968655900.0
2017-06-02,1721.4,1754.21,1711.82,1745.93,1039365300.0
2017-06-05,1747.53,1767.29,1747.53,1761.25,1002584000.0
2017-06-06,1759.29,1773.07,1758.32,1766.39,825110100.0
2017-06-07,1764.96,1802.52,1762.73,1799.85,1300007800.0
2017-06-08,1798.69,1804.66,1792.1,1794.75,1046717800.0
2017-06-09,1793.65,1797.64,1782.18,1796.13,882881600.0
2017-06-12,1787.56,1787.56,1773.53,1775.55,816923800.0
2017-06-13,1773.01,1800.2,1771.85,1795.63,932835400.0
2017-06-14,1794.04,1798.2,1787.06,1790.64,976444000.0
2017-06-15,1788.81,1823.42,1788.43,1816.26,1546179500.0
2017-06-16,1816.16,1819.1,1809.48,1810.05,1157799800.0
2017-06-19,1809.51,1817.5,1805.88,1816.4,899597800.0
2017-06-20,1818.69,1833.94,1818.69,1820.98,1227510200.0
2017-06-21,1827.89,1829.4,1810.04,1824.69,1279554700.0
2017-06-22,1821.84,1828.8,1798.38,1798.38,1205685700.0
2017-06-23,1794.5,1807.43,1776.6,1807.43,1093376300.0
2017-06-26,1805.88,1821.28,1801.21,1821.28,983073100.0
2017-06-27,1821.37,1830.22,1816.66,1819.93,924574000.0
2017-06-28,1817.43,1818.11,1802.38,1808.2,911817000.0
2017-06-29,1808.29,1822.82,1807.62,1813.55,1019323800.0
2017-06-30,1808.08,1819.88,1802.61,1818.07,897123400.0
2017-07-03,1818.2,1836.49,1816.03,1835.99,1400424600.0
2017-07-04,1833.89,1834.24,1823.85,1829.51,1221274500.0
2017-07-05,1827.26,1836.66,1820.96,1836.63,1224162900.0
2017-07-06,1835.81,1844.2,1823.37,1839.0,1533041200.0
2017-07-07,1833.88,1836.78,1828.72,1835.44,1128894600.0
2017-07-10,1831.37,1831.37,1803.23,1803.25,1239634400.0
2017-07-11,1799.52,1804.72,1783.91,1783.91,1159120000.0
2017-07-12,1779.9,1788.69,1764.1,1786.75,1131963800.0
2017-07-13,1784.26,1786.22,1774.78,1778.86,897337800.0
2017-07-14,1771.33,1771.33,1742.22,1745.57,1436027100.0
2017-07-17,1730.7,1730.7,1656.43,1656.43,1707097100.0
2017-07-18,1646.64,1672.72,1641.38,1667.49,1129502000.0
2017-07-19,1663.16,1685.74,1654.77,1684.77,1086678200.0
2017-07-20,1684.26,1712.7,1683.11,1688.61,1140287600.0
2017-07-21,1688.79,1699.67,1685.79,1690.15,986538800.0
2017-07-24,1685.71,1689.38,1674.72,1686.44,1024121800.0
2017-07-25,1686.57,1694.4,1680.95,1688.09,1074423600.0
2017-07-26,1689.48,1692.62,1674.22,1681.31,1194902100.0
2017-07-27,1678.87,1742.92,1675.3,1742.19,2488760100.0
2017-07-28,1740.54,1746.54,1732.89,1734.07,2003459600.0
2017-07-31,1731.92,1744.05,1725.5,1736.3,1667420300.0
2017-08-01,1735.91,1742.01,1727.59,1741.07,1648155700.0
2017-08-02,1740.39,1744.3,1723.23,1724.83,1619457500.0
2017-08-03,1723.03,1757.76,1716.53,1733.12,1940498900.0
2017-08-04,1731.03,1734.18,1718.91,1719.62,1580238000.0
2017-08-07,1722.24,1743.62,1720.99,1732.43,1360553400.0
2017-08-08,1731.73,1762.44,1728.59,1762.42,1850632400.0
2017-08-09,1756.5,1770.75,1751.83,1763.05,1798280900.0
2017-08-10,1761.43,1777.19,1741.4,1753.67,1675499100.0
2017-08-11,1742.0,1763.91,1738.14,1742.14,1682688400.0
2017-08-14,1745.01,1794.07,1745.01,1793.48,2072737500.0
2017-08-15,1796.24,1803.19,1785.62,1798.57,1741150700.0
2017-08-16,1797.05,1835.62,1792.72,1825.19,2703545800.0
2017-08-17,1819.43,1845.25,1816.14,1833.4,2384019200.0
2017-08-18,1822.07,1835.67,1817.64,1821.8,1823481900.0
2017-08-21,1823.37,1834.66,1818.86,1829.22,1681845600.0
2017-08-22,1829.4,1831.66,1811.97,1814.92,1707649500.0
2017-08-23,1813.43,1818.65,1801.15,1807.37,1500036900.0
2017-08-24,1807.85,1812.08,1792.7,1795.74,1342294400.0
2017-08-25,1794.7,1814.54,1794.7,1812.88,1377372100.0
2017-08-28,1815.84,1856.21,1815.84,1842.83,2130398800.0
2017-08-29,1842.15,1850.82,1828.54,1831.59,1577742900.0
2017-08-30,1830.7,1849.24,1830.55,1838.63,1377078800.0
2017-08-31,1841.0,1850.81,1839.81,1849.38,1358343700.0
2017-09-01,1850.02,1865.81,1840.52,1865.25,1858590700.0
2017-09-04,1863.02,1888.98,1858.39,1883.62,2224299000.0
2017-09-05,1881.67,1891.79,1873.16,1885.16,2012378300.0
2017-09-06,1880.7,1902.86,1877.27,1902.86,2263568000.0
2017-09-07,1904.54,1917.96,1889.33,1890.38,2654169400.0
2017-09-08,1888.4,1895.86,1872.91,1885.27,1813896800.0
2017-09-11,1883.65,1896.38,1880.14,1896.38,1726917600.0
2017-09-12,1897.52,1904.3,1882.57,1884.48,2278270200.0
2017-09-13,1884.54,1888.44,1874.87,1888.43,1680455600.0
2017-09-14,1887.36,1892.99,1874.22,1879.25,1609142200.0
2017-09-15,1877.17,1882.53,1869.63,1875.63,1613209100.0
